"CO=LC, H=3",,\rho=50,,,,\rho=75,,,,\rho=100,,,,\rho=300,,,
Instance,K,sHGS,avgHGS,tHGS,BST,sHGS,avgHGS,tHGS,BST,sHGS,avgHGS,tHGS,BST,sHGS,avgHGS,tHGS,BST
1n10_1,2,1472.96,1472.96,1.0,0.0,1824.99,1867.91,2.0,0.0,2063.95,2148.63,3.0,0.0,2178.27,2223.26,3.0,0.0
1n10_2,3,1472.96,1472.96,2.0,0.0,2031.96,2118.24,1.0,0.0,2379.11,2425.2,5.0,2.0,2646.47,2646.47,4.0,0.0
1n10_3,4,1472.96,1472.96,2.0,0.0,2031.96,2031.96,2.0,0.0,2492.73,2572.82,3.0,0.0,3183.85,3347.12,5.0,0.0
1n10_4,5,1472.96,1472.96,2.0,0.0,2031.96,2031.96,2.0,0.0,2547.81,2547.81,3.0,0.0,3556.82,3596.97,6.0,0.0
1n15_1,2,1559.08,1599.93,6.0,3.0,1921.08,1984.43,5.0,2.0,1950.58,2364.44,6.0,2.0,2167.85,2340.35,6.0,2.0
1n15_2,3,1619.45,1655.64,4.0,1.0,2011.95,2011.95,5.0,2.0,2215.43,2439.02,4.0,0.0,2648.59,2812.11,8.0,3.0
1n15_3,4,1630.22,1630.22,3.0,0.0,2098.68,2109.36,9.0,4.0,2406.54,2485.68,10.0,4.0,2977.56,3110.25,12.0,4.0
1n15_4,5,1631.46,1631.46,4.0,0.0,2145.21,2145.21,4.0,0.0,2542.93,2542.93,5.0,0.0,3367.78,3367.78,12.0,3.0
1n20_1,2,2336.7,2404.51,8.0,3.0,2607.77,2974.98,8.0,3.0,2694.63,3211.87,11.0,6.0,2732.48,3160.15,8.0,2.0
1n20_2,3,2404.51,2536.82,3.0,0.0,2886.36,3148.34,9.0,4.0,3036.86,3592.57,8.0,4.0,3314.24,3465.79,10.0,3.0
1n20_3,4,2404.51,2404.51,4.0,0.0,3164.5,3241.81,8.0,3.0,3445.88,3734.77,9.0,4.0,3775.02,3775.02,12.0,4.0
1n20_4,5,2409.06,2409.06,5.0,0.0,3198.56,3198.56,5.0,0.0,3735.95,3832.16,10.0,3.0,4292.22,4309.13,28.0,19.0
1n25_1,2,2560.17,2659.44,6.0,2.0,2656.11,3051.41,13.0,8.0,2738.91,2773.24,12.0,7.0,2989.48,3223.96,11.0,4.0
1n25_2,3,2698.51,2746.13,4.0,0.0,2972.29,3264.0,12.0,7.0,3079.09,3100.18,12.0,6.0,3308.19,3570.58,12.0,4.0
1n25_3,4,2785.85,2980.85,5.0,0.0,3131.34,3444.24,8.0,2.0,3388.48,3429.53,13.0,5.0,3695.25,3877.52,23.0,15.0
1n25_4,5,2814.78,2814.78,6.0,0.0,3295.48,3592.36,15.0,7.0,3540.04,3591.49,23.0,14.0,3922.89,3999.34,24.0,13.0
1n30_1,2,3407.81,3470.8,14.0,7.0,3490.35,4406.47,15.0,7.0,3530.1,4859.74,17.0,8.0,3567.06,4050.08,20.0,10.0
1n30_2,3,3621.71,3774.56,16.0,9.0,3901.43,4260.54,19.0,9.0,4013.46,4077.75,32.0,21.0,4015.07,4015.07,32.0,22.0
1n30_3,4,3810.7,3904.16,14.0,6.0,4248.23,4601.61,60.0,51.0,4344.8,4935.02,25.0,13.0,4416.45,4661.98,33.0,20.0
1n30_4,5,3911.33,3911.33,19.0,11.0,4654.28,4956.05,28.0,18.0,4749.03,5259.26,39.0,27.0,4989.86,5327.99,56.0,39.0
1n35_1,2,3292.86,3528.93,22.0,14.0,3326.25,3620.77,21.0,11.0,3345.75,3583.71,22.0,11.0,3377.3,3528.37,27.0,17.0
1n35_2,3,3491.79,3689.28,24.0,15.0,3663.8,4003.68,50.0,39.0,3731.05,4516.29,30.0,17.0,3860.28,4024.88,31.0,19.0
1n35_3,4,3633.88,3795.12,24.0,13.0,4013.35,4447.59,29.0,17.0,4128.65,4849.47,34.0,21.0,4139.56,4566.0,33.0,20.0
1n35_4,5,3782.19,4004.71,28.0,18.0,4321.62,4491.52,39.0,29.0,4460.9,4841.34,31.0,19.0,4541.35,4884.24,46.0,30.0
1n40_1,2,3608.92,4154.06,23.0,13.0,4023.56,4951.08,23.0,13.0,3711.23,4450.08,36.0,24.0,3725.05,4291.69,28.0,16.0
1n40_2,3,4110.83,4110.83,48.0,21.0,4306.89,4696.55,48.0,35.0,4265.76,4595.75,53.0,38.0,4266.28,4604.53,69.0,55.0
1n40_3,4,4295.5,4295.5,23.0,10.0,4477.92,4979.49,32.0,20.0,4739.6,5349.18,50.0,34.0,4856.76,5222.59,64.0,49.0
1n40_4,5,4505.73,4505.73,51.0,36.0,4824.27,5017.87,31.0,18.0,5116.62,5234.23,52.0,35.0,5299.45,5590.42,57.0,39.0
1n45_1,2,3708.02,3958.38,27.0,17.0,3748.72,4415.1,33.0,22.0,3775.18,3912.71,36.0,24.0,3793.5,4080.92,28.0,16.0
1n45_2,3,4001.1,4502.63,34.0,22.0,4117.38,5356.75,40.0,28.0,4142.18,4412.83,33.0,19.0,4189.21,4661.85,40.0,23.0
1n45_3,4,4319.3,4667.77,36.0,23.0,4593.36,5224.2,52.0,35.0,4628.91,4916.98,42.0,25.0,4707.66,5036.26,51.0,34.0
1n45_4,5,4770.37,4770.37,26.0,11.0,4973.59,5497.74,53.0,36.0,5065.92,5903.48,83.0,63.0,5187.08,5600.23,74.0,53.0
1n50_1,2,4035.48,4917.45,51.0,39.0,4095.48,6213.26,38.0,25.0,4137.23,5073.01,36.0,22.0,4275.63,4613.69,39.0,18.0
1n50_2,3,4482.89,5015.14,31.0,17.0,4696.88,5759.2,39.0,25.0,4735.89,5716.1,52.0,34.0,4909.15,5211.25,36.0,16.0
1n50_3,4,4843.49,5294.11,46.0,30.0,5225.94,6150.25,63.0,45.0,5560.23,5857.23,58.0,31.0,5410.96,5775.63,96.0,71.0
1n50_4,5,5278.16,5479.79,33.0,19.0,5788.81,6563.48,65.0,46.0,6003.09,6411.76,58.0,40.0,6192.7,6688.1,87.0,60.0
2n10_1,2,1635.21,1714.04,1.0,0.0,2053.28,2110.66,2.0,0.0,2232.07,2463.41,2.0,0.0,2657.25,2686.93,3.0,0.0
2n10_2,3,1635.21,1635.21,1.0,0.0,2272.29,2316.7,2.0,0.0,2638.9,2735.95,2.0,0.0,3312.15,3371.0,4.0,0.0
2n10_3,4,1635.21,1635.21,1.0,0.0,2295.39,2295.39,2.0,0.0,2861.14,2874.43,2.0,0.0,3858.55,3861.59,9.0,4.0
2n10_4,5,1635.21,1635.21,1.0,0.0,2340.46,2340.46,2.0,0.0,2944.78,2944.78,3.0,0.0,4530.36,4530.36,7.0,0.0
2n15_1,2,2022.57,2182.07,4.0,1.0,2124.03,2141.79,3.0,0.0,2214.53,2238.29,3.0,0.0,2424.89,2436.46,4.0,0.0
2n15_2,3,2114.41,2149.73,3.0,0.0,2430.89,2491.28,4.0,0.0,2508.25,2639.45,4.0,0.0,2665.54,2669.39,5.0,0.0
2n15_3,4,2182.07,2361.17,2.0,0.0,2655.25,2655.25,4.0,1.0,2917.88,2932.54,7.0,2.0,3295.11,3308.94,16.0,9.0
2n15_4,5,2182.07,2182.07,2.0,0.0,2841.01,2877.46,4.0,0.0,3166.81,3166.81,5.0,0.0,3535.59,3535.59,12.0,2.0
2n20_1,2,2066.08,2079.34,7.0,3.0,2204.07,2287.8,7.0,3.0,2408.83,2408.83,14.0,7.0,2471.47,2719.58,9.0,4.0
2n20_2,3,2159.74,2218.09,8.0,2.0,2389.93,2458.19,7.0,2.0,2553.91,2593.66,8.0,2.0,2677.66,2677.66,23.0,16.0
2n20_3,4,2223.8,2223.8,6.0,1.0,2523.24,2569.25,9.0,4.0,2636.57,2709.76,9.0,2.0,2847.32,2885.75,13.0,5.0
2n20_4,5,2337.72,2337.72,10.0,4.0,2665.49,2680.29,14.0,6.0,2860.21,2902.18,14.0,5.0,3119.9,3213.41,16.0,7.0
2n25_1,2,2818.88,3427.88,14.0,8.0,2943.08,3018.2,10.0,3.0,3197.9,3197.9,42.0,33.0,3264.07,3386.29,12.0,4.0
2n25_2,3,3073.52,3519.49,13.0,6.0,3337.79,3930.42,15.0,8.0,3425.53,3530.85,15.0,7.0,3688.06,3926.38,12.0,3.0
2n25_3,4,3337.7,3368.73,8.0,2.0,3614.22,3722.18,16.0,8.0,3924.93,4120.43,17.0,8.0,4324.72,4437.26,14.0,3.0
2n25_4,5,3521.35,3643.85,12.0,5.0,4042.03,4102.31,21.0,13.0,4395.64,4593.1,18.0,8.0,4852.32,4852.51,35.0,23.0
2n30_1,2,3041.1,3440.42,13.0,6.0,3160.82,3287.47,13.0,5.0,3241.21,3270.91,9.0,2.0,3438.64,3610.43,18.0,10.0
2n30_2,3,3235.26,3332.66,15.0,7.0,3404.28,3404.28,9.0,1.0,3536.78,3567.3,10.0,1.0,3784.24,4053.8,25.0,15.0
2n30_3,4,3364.21,3726.2,14.0,7.0,3723.95,3868.29,19.0,10.0,3880.3,3969.45,39.0,28.0,4198.37,4282.38,35.0,23.0
2n30_4,5,3576.09,3669.8,19.0,10.0,4006.75,4113.44,18.0,8.0,4329.47,4329.62,29.0,16.0,4652.34,4652.34,26.0,12.0
2n35_1,2,3318.07,4100.36,18.0,11.0,3461.49,3836.31,19.0,9.0,3564.24,3803.21,33.0,21.0,3663.92,3930.73,17.0,7.0
2n35_2,3,3479.31,4221.82,9.0,2.0,3759.85,3940.9,24.0,14.0,3869.22,4470.97,31.0,19.0,4024.21,4122.37,24.0,13.0
2n35_3,4,3767.73,4368.99,16.0,7.0,4028.94,4422.83,29.0,20.0,4170.94,4361.36,20.0,10.0,4359.81,4387.84,33.0,16.0
2n35_4,5,3924.66,4127.48,9.0,1.0,4428.31,4655.77,24.0,12.0,4586.8,5096.39,32.0,20.0,4797.6,4836.12,41.0,22.0
2n40_1,2,3237.33,4245.13,16.0,7.0,3519.4,4187.29,23.0,12.0,3604.18,3666.81,26.0,13.0,3854.69,3972.14,23.0,9.0
2n40_2,3,3593.29,3730.95,29.0,18.0,3748.86,5010.13,25.0,13.0,4111.25,4111.25,46.0,26.0,4334.51,4334.51,28.0,16.0
2n40_3,4,3790.58,4162.25,25.0,14.0,4192.31,4575.47,26.0,13.0,4425.68,4425.68,44.0,26.0,4659.01,4767.26,36.0,20.0
2n40_4,5,4198.33,4449.84,24.0,12.0,4585.82,5242.29,42.0,26.0,4881.63,5182.93,49.0,30.0,5151.18,5211.49,111.0,89.0
2n45_1,2,3674.7,4056.22,35.0,24.0,3793.12,5162.58,21.0,12.0,3879.56,3879.56,24.0,12.0,3919.3,3979.81,27.0,16.0
2n45_2,3,3858.67,4471.63,32.0,21.0,4204.23,4987.86,24.0,13.0,4480.62,4794.82,60.0,43.0,4434.59,4756.33,41.0,24.0
2n45_3,4,4201.52,4613.2,25.0,13.0,4877.77,4892.71,51.0,35.0,5057.12,5100.45,40.0,21.0,5357.9,5357.91,73.0,55.0
2n45_4,5,4446.92,4446.92,39.0,11.0,4976.54,5245.29,66.0,51.0,5242.1,5437.68,49.0,33.0,5710.07,5849.15,92.0,70.0
2n50_1,2,4161.81,4867.47,44.0,33.0,4236.44,4738.62,63.0,50.0,4287.99,5002.16,42.0,27.0,4461.12,4721.76,58.0,43.0
2n50_2,3,4640.09,5113.41,46.0,33.0,4823.73,6222.49,62.0,48.0,4958.06,7256.17,57.0,38.0,5138.95,5681.92,33.0,15.0
2n50_3,4,5017.96,5487.76,37.0,22.0,5422.64,6209.01,58.0,41.0,5489.89,7175.21,42.0,24.0,5806.34,6077.98,50.0,30.0
2n50_4,5,5424.67,5760.5,32.0,19.0,5938.64,6447.3,129.0,112.0,6018.43,6988.74,85.0,67.0,6268.28,6836.75,46.0,22.0
3n10_1,2,1217.47,1217.47,1.0,0.0,1599.74,1600.73,1.0,0.0,1826.24,1840.48,3.0,0.0,2096.09,2097.81,2.0,0.0
3n10_2,3,1217.47,1217.47,2.0,0.0,1725.22,1788.52,1.0,0.0,2045.55,2058.42,3.0,1.0,2551.08,2579.01,4.0,0.0
3n10_3,4,1217.47,1217.47,3.0,1.0,1725.22,1725.22,2.0,0.0,2177.95,2177.95,3.0,1.0,2808.79,2808.79,7.0,0.0
3n10_4,5,1217.47,1217.47,1.0,0.0,1725.22,1725.22,2.0,0.0,2198.1,2198.1,2.0,0.0,3165.83,3165.83,9.0,0.0
3n15_1,2,1859.05,1898.91,2.0,0.0,2194.02,2195.42,3.0,0.0,2510.27,2510.27,10.0,4.0,2690.81,2730.6,6.0,2.0
3n15_2,3,1877.77,1877.77,3.0,0.0,2194.02,2194.02,4.0,0.0,2510.27,2510.27,12.0,7.0,2964.62,3046.2,8.0,3.0
3n15_3,4,1950.17,1950.17,6.0,2.0,2283.67,2283.67,4.0,0.0,2617.17,2736.44,6.0,0.0,3364.37,3364.37,7.0,1.0
3n15_4,5,2105.76,2105.76,5.0,0.0,2436.29,2436.29,6.0,0.0,2752.54,2752.54,7.0,1.0,3832.5,3968.64,15.0,6.0
3n20_1,2,2189.09,2235.19,2.0,0.0,2341.01,2691.62,4.0,0.0,2395.06,2395.06,4.0,0.0,2607.26,2667.86,6.0,1.0
3n20_2,3,2305.42,2327.23,4.0,0.0,2590.6,2784.24,7.0,1.0,2700.98,2700.98,6.0,0.0,2900.88,2900.88,7.0,0.0
3n20_3,4,2403.34,2424.48,4.0,0.0,2779.49,2779.49,10.0,4.0,2894.85,2963.22,12.0,4.0,3325.48,3325.48,11.0,4.0
3n20_4,5,2438.46,2438.46,6.0,2.0,2938.31,2938.31,7.0,1.0,3205.35,3205.35,9.0,1.0,3779.06,3779.06,11.0,1.0
3n25_1,2,3017.98,3442.95,10.0,4.0,3195.99,4011.4,15.0,8.0,3239.78,3331.99,21.0,14.0,3292.26,3361.44,13.0,7.0
3n25_2,3,3448.3,3713.62,14.0,7.0,3731.0,4153.18,13.0,6.0,3824.0,4001.38,19.0,11.0,3890.53,3939.82,13.0,5.0
3n25_3,4,3627.65,4138.56,13.0,7.0,4132.75,4286.34,23.0,14.0,4508.71,4759.93,21.0,10.0,4466.6,4646.98,22.0,12.0
3n25_4,5,3843.34,3843.34,8.0,3.0,4527.69,4623.06,34.0,26.0,4848.75,4848.75,27.0,8.0,5061.67,5061.67,36.0,23.0
3n30_1,2,3371.21,3786.19,15.0,5.0,3675.18,4086.07,19.0,11.0,3369.22,3949.25,13.0,4.0,3371.21,3396.1,15.0,6.0
3n30_2,3,3370.79,3444.35,19.0,11.0,3550.93,3994.29,25.0,15.0,3564.12,3565.59,22.0,11.0,3575.76,3621.1,18.0,7.0
3n30_3,4,3570.52,3589.87,21.0,11.0,3823.38,4054.36,25.0,15.0,3847.11,3950.09,26.0,14.0,3896.41,3909.63,26.0,13.0
3n30_4,5,3699.47,3700.38,19.0,9.0,4074.04,4261.58,33.0,19.0,4211.96,4323.32,24.0,8.0,4214.41,4214.41,31.0,19.0
3n35_1,2,3890.67,4253.05,25.0,13.0,4180.28,4998.35,10.0,3.0,3904.76,4317.27,32.0,20.0,3888.67,4028.8,25.0,14.0
3n35_2,3,4243.15,4612.49,23.0,12.0,4490.92,5116.51,11.0,1.0,4446.56,4606.51,30.0,16.0,4444.64,4444.64,38.0,25.0
3n35_3,4,4360.64,4402.3,21.0,11.0,4708.26,4708.26,26.0,15.0,4930.27,4930.27,26.0,15.0,5000.88,5000.88,40.0,25.0
3n35_4,5,4691.15,4691.15,44.0,27.0,5160.83,5262.6,28.0,15.0,5462.61,5462.61,55.0,27.0,5636.46,5679.02,56.0,37.0
3n40_1,2,3407.43,3513.7,9.0,1.0,3544.43,3634.2,22.0,12.0,3633.26,3754.52,23.0,12.0,3716.68,3945.9,18.0,9.0
3n40_2,3,3617.51,3868.17,31.0,20.0,3753.79,3801.72,42.0,31.0,3867.9,3977.52,40.0,28.0,3976.73,4152.49,26.0,13.0
3n40_3,4,3823.11,3895.62,27.0,15.0,4022.24,4039.35,32.0,20.0,4150.57,4184.41,43.0,28.0,4276.13,4569.89,31.0,15.0
3n40_4,5,4001.64,4088.72,34.0,20.0,4304.8,4581.69,25.0,8.0,4395.64,4529.12,58.0,40.0,4542.06,4814.09,51.0,34.0
3n45_1,2,3619.36,3836.25,24.0,13.0,3678.86,3724.49,30.0,18.0,3726.14,3801.7,25.0,12.0,3813.95,3878.58,33.0,22.0
3n45_2,3,3777.47,4012.12,36.0,25.0,3819.97,3835.51,36.0,23.0,3854.41,3943.52,43.0,30.0,3959.26,3984.71,27.0,13.0
3n45_3,4,3971.55,4073.89,49.0,34.0,4052.13,4207.14,39.0,24.0,4198.53,4198.53,64.0,39.0,4208.2,4317.08,45.0,27.0
3n45_4,5,4181.72,4336.75,41.0,25.0,4341.56,4617.46,61.0,41.0,4372.06,4507.46,44.0,26.0,4499.67,4514.23,38.0,17.0
3n50_1,2,3986.31,4876.88,33.0,22.0,4179.38,4465.6,46.0,33.0,4401.96,4752.36,37.0,19.0,4374.89,4807.53,35.0,18.0
3n50_2,3,4309.59,4440.01,40.0,24.0,4509.97,4621.53,49.0,33.0,4655.38,4970.64,74.0,55.0,4804.08,5127.68,37.0,18.0
3n50_3,4,4515.5,4650.07,30.0,15.0,4941.65,5236.99,63.0,45.0,5029.04,5593.2,61.0,39.0,5178.57,5469.02,56.0,34.0
3n50_4,5,4815.4,4823.05,41.0,24.0,5378.65,5636.82,60.0,41.0,5458.0,5930.14,71.0,50.0,5645.62,5856.57,162.0,133.0
4n10_1,2,1269.23,1269.23,1.0,0.0,1621.73,1621.73,1.0,0.0,1937.48,1966.59,2.0,0.0,2333.86,2369.74,2.0,0.0
4n10_2,3,1269.23,1269.23,1.0,0.0,1621.73,1621.73,2.0,0.0,1974.23,2143.49,2.0,0.0,2902.33,2902.33,4.0,0.0
4n10_3,4,1288.46,1288.46,1.0,0.0,1640.96,1640.96,1.0,0.0,1993.46,1993.46,2.0,0.0,3434.13,3434.13,6.0,0.0
4n10_4,5,1288.46,1288.46,2.0,0.0,1640.96,1640.96,2.0,0.0,1993.46,1993.46,3.0,0.0,3802.75,3802.75,5.0,0.0
4n15_1,2,1460.74,1460.74,2.0,0.0,1675.22,1760.16,2.0,0.0,1844.3,1844.3,3.0,0.0,2400.77,2707.71,5.0,1.0
4n15_2,3,1554.02,1554.02,3.0,0.0,1874.2,1953.39,3.0,0.0,2036.35,2303.29,3.0,0.0,2776.99,2921.42,7.0,3.0
4n15_3,4,1613.69,1613.69,3.0,0.0,2073.15,2073.15,3.0,0.0,2311.48,2347.19,5.0,1.0,3124.25,3236.96,14.0,7.0
4n15_4,5,1697.33,1697.33,3.0,0.0,2158.14,2249.01,4.0,0.0,2488.85,2614.54,4.0,0.0,3492.96,3576.75,28.0,19.0
4n20_1,2,2438.24,2566.51,3.0,0.0,2801.89,2876.87,6.0,2.0,2931.53,3041.39,9.0,3.0,3389.61,3870.26,19.0,12.0
4n20_2,3,2613.9,2635.7,5.0,2.0,3069.84,3192.85,4.0,1.0,3411.84,3510.65,7.0,2.0,3968.26,3989.86,18.0,11.0
4n20_3,4,2697.15,2812.18,3.0,0.0,3331.6,3382.78,7.0,3.0,3697.36,3840.14,6.0,1.0,4671.04,4803.93,29.0,20.0
4n20_4,5,2710.7,2710.7,3.0,0.0,3454.97,3454.97,5.0,0.0,3903.23,3961.02,9.0,3.0,5104.47,5220.13,28.0,18.0
4n25_1,2,2589.84,2637.67,7.0,2.0,2763.87,2946.81,11.0,4.0,2894.69,3004.85,16.0,9.0,3098.27,3167.52,12.0,4.0
4n25_2,3,2724.49,2782.37,5.0,1.0,3060.23,3080.91,11.0,4.0,3216.55,3452.53,20.0,12.0,3492.77,3572.9,12.0,2.0
4n25_3,4,2755.22,2755.22,6.0,0.0,3317.42,3378.05,14.0,7.0,3526.45,3548.9,16.0,7.0,3872.7,3921.21,31.0,19.0
4n25_4,5,2854.59,2854.59,7.0,1.0,3543.56,3623.39,16.0,8.0,3836.44,3921.94,18.0,10.0,4230.67,4282.09,30.0,17.0
4n30_1,2,2944.75,3360.23,13.0,6.0,3086.31,4273.72,14.0,7.0,3225.81,3313.14,15.0,7.0,3424.12,3694.25,21.0,10.0
4n30_2,3,3251.16,3368.14,20.0,12.0,3442.49,3947.13,16.0,8.0,3529.49,3942.8,16.0,7.0,3752.69,4030.94,25.0,13.0
4n30_3,4,3425.96,3474.77,9.0,3.0,3808.81,4113.33,15.0,6.0,3966.3,4663.43,22.0,12.0,4208.68,4313.89,30.0,17.0
4n30_4,5,3495.78,3497.08,17.0,8.0,4101.22,4297.35,19.0,10.0,4260.82,4670.94,32.0,22.0,4622.84,4624.19,23.0,9.0
4n35_1,2,3112.3,3393.08,28.0,20.0,3178.27,3561.79,18.0,9.0,3188.55,3387.58,20.0,10.0,3244.48,3648.61,17.0,8.0
4n35_2,3,3362.13,3644.7,22.0,13.0,3637.04,4097.42,20.0,11.0,3813.93,4040.75,24.0,10.0,3798.0,3828.1,21.0,9.0
4n35_3,4,3557.74,3641.28,20.0,11.0,3993.7,4271.19,37.0,26.0,4151.5,4706.26,34.0,20.0,4306.43,4514.02,48.0,34.0
4n35_4,5,3676.84,3676.84,12.0,4.0,4273.5,4355.23,27.0,16.0,4588.6,4796.85,26.0,11.0,4615.88,4654.93,26.0,12.0
4n40_1,2,3164.57,3781.73,20.0,10.0,3334.39,3370.78,29.0,18.0,3407.89,3675.31,27.0,14.0,3518.09,3620.57,27.0,15.0
4n40_2,3,3448.13,3683.34,22.0,11.0,3591.37,4182.64,25.0,13.0,3718.04,3718.04,28.0,15.0,3775.58,3911.25,27.0,13.0
4n40_3,4,3632.39,3814.28,23.0,12.0,3925.8,4177.2,29.0,15.0,3975.8,4373.61,30.0,16.0,4186.1,4419.98,45.0,29.0
4n40_4,5,3814.81,3973.62,30.0,18.0,4285.58,4425.36,64.0,50.0,4441.45,5097.29,35.0,18.0,4561.07,4695.86,41.0,23.0
4n45_1,2,3761.16,4588.32,28.0,18.0,3849.16,5676.13,34.0,21.0,3937.02,4190.9,30.0,17.0,4173.49,4702.73,40.0,27.0
4n45_2,3,4121.13,4525.34,33.0,21.0,4237.88,5404.56,35.0,21.0,4379.5,5792.99,34.0,19.0,4584.77,4986.73,35.0,20.0
4n45_3,4,4506.54,4888.62,33.0,19.0,4676.39,5502.88,30.0,15.0,4841.14,5504.59,32.0,16.0,5185.58,5747.21,47.0,29.0
4n45_4,5,4762.44,4909.54,31.0,19.0,5120.69,5983.67,40.0,27.0,5316.93,6126.65,35.0,19.0,5820.81,6039.12,68.0,48.0
4n50_1,2,4012.58,5081.78,32.0,19.0,4075.29,4170.38,36.0,21.0,4120.64,4363.37,35.0,21.0,4227.52,4310.67,28.0,13.0
4n50_2,3,4618.59,5140.36,42.0,27.0,4681.13,5494.15,64.0,49.0,4736.88,4991.67,43.0,27.0,4898.82,5423.99,50.0,33.0
4n50_3,4,5210.28,5448.69,78.0,61.0,5390.65,6099.26,88.0,70.0,5588.38,5941.88,62.0,42.0,5592.29,5717.36,62.0,41.0
4n50_4,5,5505.57,5505.57,59.0,24.0,5902.29,6754.08,51.0,30.0,6157.35,6673.88,63.0,39.0,6291.18,6606.36,59.0,34.0
5n10_1,2,1746.51,1776.4,1.0,0.0,1785.51,1785.51,1.0,0.0,1824.51,1824.51,2.0,0.0,2075.6,2075.6,2.0,0.0
5n10_2,3,1885.57,1885.57,3.0,1.0,2020.57,2020.57,2.0,0.0,2155.57,2155.57,3.0,0.0,2377.78,2377.78,4.0,0.0
5n10_3,4,1939.01,1976.02,3.0,0.0,2236.54,2238.77,4.0,1.0,2331.63,2331.63,3.0,0.0,2749.03,2779.25,6.0,0.0
5n10_4,5,1971.33,1971.33,2.0,0.0,2392.46,2447.29,3.0,0.0,2684.29,2684.29,4.0,0.0,2896.84,2896.84,10.0,4.0
5n15_1,2,2112.11,2158.64,6.0,2.0,2312.39,2342.64,5.0,2.0,2398.73,2814.19,4.0,0.0,2532.53,2536.93,4.0,0.0
5n15_2,3,2307.06,2357.64,3.0,0.0,2675.02,2697.14,3.0,0.0,2837.02,2929.26,6.0,1.0,2936.02,2940.58,6.0,0.0
5n15_3,4,2425.0,2425.0,3.0,0.0,2937.5,2937.5,3.0,0.0,3210.8,3224.48,7.0,2.0,3401.04,3401.04,9.0,2.0
5n15_4,5,2530.98,2530.98,3.0,0.0,3121.46,3121.46,5.0,0.0,3480.67,3505.0,7.0,1.0,4054.15,4118.93,17.0,8.0
5n20_1,2,2829.57,3037.54,7.0,3.0,3063.36,3771.74,12.0,7.0,3113.11,3297.8,10.0,4.0,3273.77,3623.56,8.0,1.0
5n20_2,3,3127.0,3447.17,8.0,3.0,3579.5,3812.33,9.0,3.0,3733.89,3898.63,18.0,11.0,3981.7,4142.62,15.0,7.0
5n20_3,4,3418.11,3418.11,8.0,3.0,3997.45,4043.44,15.0,9.0,4369.9,4453.39,14.0,6.0,4623.69,4626.62,14.0,3.0
5n20_4,5,3559.48,3559.48,4.0,0.0,4296.8,4296.8,15.0,8.0,4714.3,4793.94,14.0,6.0,5371.07,5455.04,31.0,18.0
5n25_1,2,3266.06,3355.38,10.0,5.0,3369.65,3583.15,12.0,5.0,3304.76,3636.39,14.0,7.0,3301.73,3487.49,9.0,2.0
5n25_2,3,3530.52,3530.52,31.0,22.0,3802.93,3929.42,21.0,12.0,3914.68,4008.19,20.0,12.0,3917.25,4063.85,16.0,8.0
5n25_3,4,3663.28,3663.28,13.0,5.0,4137.07,4137.07,18.0,8.0,4379.51,4529.27,20.0,10.0,4468.29,4515.5,27.0,18.0
5n25_4,5,3924.42,3924.42,12.0,5.0,4570.07,4570.07,18.0,9.0,4750.57,4750.57,15.0,6.0,5083.66,5083.66,31.0,20.0
5n30_1,2,2826.63,2989.9,13.0,6.0,2969.3,3634.78,19.0,11.0,2992.04,3281.46,15.0,7.0,3019.14,3162.51,26.0,16.0
5n30_2,3,2951.45,3202.94,12.0,4.0,3272.45,3857.09,16.0,8.0,3358.45,3853.31,19.0,9.0,3394.49,3647.88,19.0,8.0
5n30_3,4,3111.96,3171.5,19.0,9.0,3535.08,3861.4,26.0,16.0,3685.85,4283.03,25.0,13.0,3796.06,4027.08,26.0,14.0
5n30_4,5,3235.86,3235.86,14.0,4.0,3742.49,4026.54,18.0,6.0,4037.81,4232.63,36.0,22.0,4158.53,4409.83,59.0,43.0
5n35_1,2,3181.94,3660.96,11.0,3.0,3371.15,3371.15,12.0,3.0,3382.98,3524.9,17.0,7.0,3385.34,3553.78,14.0,5.0
5n35_2,3,3409.18,3781.53,24.0,15.0,3696.62,4219.7,34.0,23.0,3795.37,4168.35,25.0,13.0,3824.96,4041.93,34.0,21.0
5n35_3,4,3696.07,4028.91,24.0,12.0,4002.56,4242.21,25.0,13.0,4106.11,4324.18,35.0,21.0,4230.72,4601.25,25.0,10.0
5n35_4,5,3960.97,3960.97,20.0,9.0,4349.5,4729.97,44.0,30.0,4514.94,4981.42,45.0,29.0,4632.93,5007.61,53.0,32.0
5n40_1,2,3487.04,3938.83,34.0,23.0,3507.75,3877.4,27.0,14.0,3528.96,3557.32,36.0,24.0,3605.49,3985.89,29.0,16.0
5n40_2,3,3900.36,4109.48,32.0,20.0,3949.46,4206.81,30.0,17.0,3975.21,4189.5,26.0,12.0,4058.62,4346.05,46.0,33.0
5n40_3,4,4201.55,4253.41,26.0,13.0,4263.2,5032.09,31.0,17.0,4309.45,4605.92,40.0,24.0,4447.33,4505.92,55.0,40.0
5n40_4,5,4405.86,4487.07,59.0,46.0,4652.88,4938.2,53.0,36.0,4717.97,5405.13,33.0,16.0,4748.33,5028.59,48.0,28.0
5n45_1,2,3386.61,3485.67,26.0,16.0,3494.72,3712.28,43.0,31.0,3551.7,3997.2,34.0,20.0,3636.65,3681.88,36.0,22.0
5n45_2,3,3649.58,3781.06,34.0,21.0,3732.36,4163.17,43.0,28.0,3814.01,4159.21,34.0,18.0,3863.95,3992.18,48.0,32.0
5n45_3,4,3831.0,4152.08,32.0,19.0,3950.57,4104.88,66.0,51.0,3995.5,4460.46,65.0,45.0,4135.57,4247.84,50.0,29.0
5n45_4,5,4042.01,4157.54,43.0,29.0,4180.97,4275.5,100.0,80.0,4268.62,4993.53,40.0,20.0,4338.27,4545.15,57.0,32.0
5n50_1,2,3992.59,5602.88,29.0,17.0,4091.84,4405.6,36.0,19.0,4133.46,4809.03,38.0,20.0,4245.27,4674.67,48.0,31.0
5n50_2,3,4520.86,5293.05,56.0,40.0,4605.19,5394.14,58.0,40.0,4641.5,5167.72,78.0,59.0,4765.74,5293.0,37.0,18.0
5n50_3,4,5007.51,5506.1,65.0,47.0,5207.53,6193.67,65.0,47.0,5297.18,5784.03,54.0,34.0,5411.4,5633.69,55.0,32.0
5n50_4,5,5381.91,5759.01,59.0,41.0,5687.66,6595.67,90.0,69.0,5846.77,6476.22,55.0,34.0,5913.45,6129.29,60.0,35.0