Detailed results on small-scaled data with CO=HC and T=6,,,,,,,,,,,,,,,,,,,
Instance,Best,sCCJ,Gap,tCCJ,sKS,Gap,tKS,DIMACS,sALNS,Gap,sBCHeu,Gap,,sHGS,Gap,tHGS,BST,CostAvg,GapAvg
1n5_2,5973.34,6128.07,2.59,3.61,5973.34,0,73,5973.34,5973.34,0.0,5973.34,0.0,,5973.34,0.0,78.0,78.0,5973.34,0.0
1n5_3,6852.36,7182.25,4.81,6.94,6852.36,0,92,6852.36,6852.36,0.0,6852.36,0.0,,6852.36,0.0,141.0,55.0,6852.46,0.0
1n5_4,7711.75,7933.74,2.88,53.59,7711.75,0,93,7711.75,7711.75,0.0,7711.75,0.0,,7711.75,0.0,213.0,213.0,7711.75,0.0
1n5_5,8636.29,9026.25,4.52,7.12,8636.29,0,101,8636.29,8636.29,0.0,8636.29,0.0,,8636.29,0.0,621.0,267.0,8636.29,0.0
2n5_2,5141.16,5473.81,6.47,3.78,5141.16,0,99,5141.16,5141.16,0.0,5141.16,0.0,,5141.16,0.0,94.0,94.0,5141.16,0.0
2n5_3,6171.42,6396.26,3.64,3.41,6171.42,0,130,6171.42,6171.42,0.0,6171.42,0.0,,6171.42,0.0,241.0,241.0,6171.42,0.0
2n5_4,7052.4,7559.15,7.19,6.35,7052.4,0,90,7052.4,7052.4,0.0,7052.4,0.0,,7052.4,0.0,275.0,275.0,7052.4,0.0
2n5_5,7939.93,8425.93,6.12,5.53,7939.93,0,128,7939.93,7939.93,0.0,7939.93,0.0,,7939.93,0.0,578.0,310.0,7946.73,0.09
3n5_2,7746.36,7815.44,0.89,4.14,7746.36,0,123,7746.36,7746.36,0.0,7746.36,0.0,,7746.36,0.0,89.0,89.0,7746.36,0.0
3n5_3,9501.22,-,-,-,9501.22,0,112,9501.22,9501.22,0.0,9501.22,0.0,,9501.22,0.0,404.0,307.0,9507.24,0.06
3n5_4,11116.59,11175.63,0.53,6.73,11121.2,0.04,90,11116.59,11116.59,0.0,11116.59,0.0,,11116.6,0.0,119.0,17.0,11116.6,0.0
3n5_5,13232.37,13593.03,2.73,5.91,13232.4,0.00,92,13232.37,13232.37,0.0,13232.37,0.0,,13232.4,0.0,358.0,194.0,13241.81,0.07
4n5_2,5419.55,5572.15,2.82,4.53,5419.55,0,71,5419.55,5419.55,0.0,5419.55,0.0,,5419.55,0.0,53.0,53.0,5419.55,0.0
4n5_3,6107.27,6469.65,5.94,4.88,6107.27,0,94,6107.27,6107.27,0.0,6107.27,0.0,,6107.27,0.0,159.0,26.0,6107.27,0.0
4n5_4,6691.25,6934.92,3.64,5.65,6691.25,0,63,6691.25,6691.25,0.0,6691.25,0.0,,6691.25,0.0,169.0,169.0,6691.25,0.0
4n5_5,7881.11,8409.51,6.70,9.04,7881.11,0,119,7881.11,7881.11,0.0,7881.11,0.0,,7881.11,0.0,261.0,261.0,7881.11,0.0
5n5_2,4638.11,4784.11,3.15,4.23,4638.11,0,73,4638.11,4638.11,0.0,4638.11,0.0,,4638.11,0.0,70.0,70.0,4638.11,0.0
5n5_3,5610.62,5738.5,2.28,4.13,5610.62,0,90,5610.62,5610.62,0.0,5610.62,0.0,,5610.62,0.0,186.0,186.0,5610.62,0.0
5n5_4,6634.2,6771.68,2.07,4.38,6634.2,0,83,6634.2,6634.2,0.0,6634.2,0.0,,6634.2,0.0,233.0,233.0,6634.2,0.0
1n10_2,9300.75,9842.59,5.83,14.48,9305.68,0.05,92,9300.75,9300.75,0.0,9307.43,0.07,,9300.75,0.0,180.0,180.0,9302.22,0.02
1n10_3,10743.86,11596.89,7.94,11.37,10755.4,0.11,135,10743.86,10743.86,0.0,10743.86,0.0,,10744.1,0.0,890.0,890.0,10748.94,0.05
1n10_4,12089.75,13090.19,8.28,7.53,12134.8,0.37,210,12089.75,12096.05,0.05,12089.75,0.0,,12089.8,0.0,606.0,606.0,12123.11,0.28
1n10_5,13449.08,14911.89,10.88,8.65,13488.5,0.29,145,13449.08,13480.41,0.23,13449.08,0.0,,13449.1,0.0,1288.0,1288.0,13494.88,0.34
2n10_2,9280.71,9808.18,5.69,14.38,9280.71,0,125,9280.71,9280.71,0.0,9280.71,0.0,,9280.71,0.0,227.0,227.0,9288.4,0.08
2n10_3,11046.82,11704.18,5.95,9.04,11054,0.07,164,11046.82,11046.82,0.0,11046.82,0.0,,11046.8,0.0,392.0,150.0,11046.8,0.0
2n10_4,12680.63,13690.98,7.97,7.92,12692.2,0.09,122,12680.63,12680.63,0.0,12692.16,0.09,,12680.6,0.0,1088.0,740.0,12682.94,0.02
2n10_5,14399.44,15697.08,9.01,9.8,14403,0.025,166,14399.44,14399.96,0.0,14399.96,0.0,,14399.5,0.0,325.0,66.0,14401.65,0.02
3n10_2,8445.51,8886.63,5.22,14.76,8516.75,0.84,134,8445.51,8445.51,0.0,8445.51,0.0,,8445.51,0.0,148.0,148.0,8445.76,0.0
3n10_3,9357.14,9856.36,5.34,11.65,9357.14,0,112,9357.14,9357.14,0.0,9357.14,0.0,,9357.14,0.0,183.0,183.0,9357.14,0.0
3n10_4,10442.39,11021.06,5.54,13.89,10469.1,0.26,120,10442.39,10442.39,0.0,10442.39,0.0,,10442.4,0.0,712.0,712.0,10445.83,0.03
3n10_5,11428.78,12373.76,8.27,8.81,11515.8,0.76,139,11428.78,11428.78,0.0,11428.78,0.0,,11453.7,0.22,1818.0,1818.0,11500.52,0.63
4n10_2,9284.36,10032.31,8.06,20.45,9284.36,0,116,9284.36,9284.36,0.0,9284.36,0.0,,9284.36,0.0,139.0,139.0,9284.55,0.0
4n10_3,10588.51,10873.71,2.69,13.75,10601,0.12,132,10588.51,10588.51,0.0,10588.51,0.0,,10588.5,0.0,154.0,32.0,10588.5,0.0
4n10_4,11827.9,12691.31,7.30,13.07,11857.4,0.25,185,11827.9,11827.9,0.0,11827.9,0.0,,11839.3,0.1,494.0,494.0,11839.3,0.1
4n10_5,13174.9,13912.41,5.60,33.73,13174.9,0,134,13174.95,13174.95,0.00,13174.95,0.00,,13175.2,0.0,657.0,389.0,13180.69,0.04
5n10_2,9200.85,-,-,-,9200.85,0,106,9200.85,9200.85,0.0,9200.85,0.0,,9200.85,0.0,130.0,55.0,9205.75,0.05
5n10_3,9884.53,10407.85,5.29,10.63,9892.08,0.07,114,9884.53,9884.53,0.0,9884.53,0.0,,9884.53,0.0,186.0,186.0,9884.53,0.0
5n10_4,10655.37,11292.85,5.98,11.46,10668.1,0.12,129,10655.37,10661.07,0.05,10661.07,0.05,,10657.5,0.02,621.0,621.0,10664.48,0.09
5n10_5,11432.09,-,-,-,11432.1,0.00,102,11432.09,11432.09,0.0,11432.09,0.0,,11432.1,0.0,495.0,495.0,11432.1,0.0
1n15_2,11579.09,11725.01,1.26,49.9,11631.1,0.45,186,11579.09,11579.09,0.0,11579.09,0.0,,11579.6,0.0,614.0,614.0,11580.61,0.01
1n15_3,12472.05,12800.81,2.64,38.1,12478.8,0.05,275,12472.05,12478.77,0.05,12472.05,0.0,,12472.0,0.0,1129.0,1129.0,12484.02,0.1
1n15_4,13365.21,14357.31,7.42,38.75,13448.9,0.63,146,13365.21,13390.49,0.19,13376.69,0.09,,13365.2,0.0,1974.0,1974.0,13376.11,0.08
1n15_5,14376.27,15110.21,5.11,27.27,14461,0.59,565,14376.27,14400.23,0.17,14376.27,0.0,,14408.0,0.22,1668.0,1369.0,14438.28,0.43
2n15_2,11553.83,11752.12,1.72,38.32,11608.2,0.47,117,11553.83,11553.83,0.0,11553.83,0.0,,11553.8,0.0,253.0,253.0,11553.86,0.0
2n15_3,12497.79,13158.62,5.29,36.48,12530.8,0.26,140,12497.79,12514.22,0.13,12514.22,0.13,,12498.4,0.0,787.0,651.0,12506.74,0.07
2n15_4,13514.69,14083.72,4.21,890.96,13542,0.20,154,13514.69,13531.0,0.12,13514.69,0.0,,13545.3,0.23,793.0,611.0,13563.77,0.36
2n15_5,14462.98,15581.92,7.74,25.55,14484.1,0.15,169,14462.98,14475.43,0.09,14462.98,0.0,,14466.5,0.02,988.0,799.0,14466.5,0.02
3n15_2,13241.2,13503.93,1.98,50.47,13280.3,0.30,267,13241.2,13241.2,0.0,13258.17,0.13,,13241.2,0.0,226.0,226.0,13242.35,0.01
3n15_3,14379.38,14927.93,3.81,43.01,14470.3,0.63,144,14379.38,14395.97,0.12,14379.38,0.0,,14382.7,0.02,326.0,326.0,14394.67,0.11
3n15_4,15499.6,16131.03,4.07,31.24,15535.8,0.23,210,15499.6,15499.6,0.0,15512.08,0.08,,15499.6,0.0,901.0,706.0,15500.39,0.01
3n15_5,16633.81,17263.33,3.78,23.92,16670.9,0.22,110,16633.81,16633.81,0.0,16633.81,0.0,,16633.8,0.0,1349.0,1101.0,16639.34,0.03
4n15_2,10476.25,10884.32,3.90,35.01,10492.4,0.15,97,10476.25,10476.25,0.0,10476.25,0.0,,10476.4,0.0,578.0,578.0,10476.75,0.0
4n15_3,11503.88,12116.42,5.32,34.66,11548.8,0.39,143,11503.88,11503.88,0.0,11503.88,0.0,,11503.9,0.0,618.0,618.0,11509.52,0.05
4n15_4,12699.46,13914.72,9.57,52.19,12829.4,1.02,219,12699.46,12699.46,0.0,12783.01,0.66,,12761.6,0.49,706.0,706.0,12781.26,0.64
4n15_5,13748.46,15188.42,10.47,18.48,13797.7,0.36,109,13748.46,13750.19,0.01,13750.19,0.01,,13798.4,0.36,884.0,664.0,13814.14,0.48
5n15_2,10536.45,10775.07,2.26,38.24,10561.4,0.24,285,10536.45,10536.45,0.0,10537.33,0.01,,10536.5,0.0,411.0,411.0,10536.51,0.0
5n15_3,11772.77,12284.27,4.34,35.87,11781.8,0.08,275,11772.77,11831.25,0.5,11772.77,0.0,,11772.8,0.0,587.0,587.0,11773.41,0.01
5n15_4,13109.35,14537.37,10.89,24.65,13148.3,0.30,156,13109.35,13109.35,0.0,13139.37,0.23,,13139.4,0.23,1797.0,1797.0,13144.79,0.27
5n15_5,14604.03,15848.47,8.52,21.42,14818.9,1.47,202,14604.03,14619.27,0.1,14607.32,0.02,,14607.2,0.02,874.0,641.0,14630.07,0.18
1n20_2,14238.1,14576.82,2.38,90.99,14238.1,0,278,14238.11,14238.11,7.02,14238.11,7.02,,14238.1,0.0,427.0,213.0,14238.89,0.01
1n20_3,15629.71,16072.32,2.83,63.27,15799.7,1.09,666,15629.71,15629.71,0.0,15629.71,0.0,,15632.4,0.02,1604.0,1278.0,15647.89,0.12
1n20_4,17203.52,17851.02,3.76,64.25,17341,0.80,581,17203.52,17237.55,0.2,17203.52,0.0,,17206.6,0.02,2477.0,2477.0,17260.2,0.33
1n20_5,18710.33,20252.22,8.24,47.94,18939.8,1.23,537,18710.33,18843.95,0.71,18710.33,0.0,,18668.2,-0.23,2645.0,2645.0,18730.09,0.11
2n20_2,13590.81,13950.93,2.65,88.91,13599.8,0.07,184,13590.81,13590.81,0.0,13590.81,0.0,,13591.1,0.0,475.0,208.0,13600.29,0.07
2n20_3,14130.61,14507.73,2.67,73.05,14207.7,0.55,334,14130.61,14140.33,0.07,14130.61,0.0,,14135.1,0.03,221.0,77.0,14136.45,0.04
2n20_4,14802.27,15347.33,3.68,53.47,14879.2,0.52,457,14802.27,14810.55,0.06,14802.27,0.0,,14804.1,0.01,2050.0,2050.0,14808.12,0.04
2n20_5,15493.87,16495.73,6.47,50.52,15513.5,0.13,428,15493.87,15502.76,0.06,15493.87,0.0,,15493.9,0.0,1480.0,1480.0,15494.76,0.01
3n20_2,13774.43,14174.61,2.91,87.63,13824.3,0.36,348,13774.43,13774.43,0.0,13774.43,0.0,,13774.4,0.0,394.0,394.0,13774.49,0.0
3n20_3,14721.41,15083.71,2.46,75.56,14721.7,0.00,141,14721.41,14721.41,0.0,14721.41,0.0,,14722.0,0.0,622.0,447.0,14736.94,0.11
3n20_4,15699.78,16257.21,3.55,49.78,15744.2,0.28,427,15699.78,15732.6,0.21,15731.78,0.2,,15704.2,0.03,2155.0,1730.0,15727.42,0.18
3n20_5,16803.25,17697.21,5.32,49.65,16917.1,0.68,554,16803.25,16841.63,0.23,16804.79,0.01,,16804.6,0.01,978.0,718.0,16806.12,0.02
4n20_2,14317.13,14710.08,2.74,118.74,14328.7,0.08,430,14317.13,14317.13,0.0,14325.61,0.06,,14318.2,0.01,691.0,691.0,14318.84,0.01
4n20_3,15976.18,16470.98,3.10,74.97,16122,0.91,537,15976.18,15976.18,0.0,15987.37,0.07,,16007.7,0.2,2507.0,2507.0,16052.01,0.47
4n20_4,17629.35,18380.48,4.26,58.08,17791.4,0.92,949,17629.35,17634.81,0.03,17664.35,0.2,,17639.5,0.06,2030.0,2030.0,17668.7,0.22
4n20_5,19227.49,20310.88,5.63,58.54,19388.1,0.84,478,19227.49,19227.49,0.0,19303.98,0.4,,19226.7,0.0,2836.0,2836.0,19244.09,0.09
5n20_2,15688.66,16181.44,3.14,107.2,15748.4,0.38,432,15688.66,15688.66,0.0,15694.14,0.03,,15694.1,0.03,827.0,530.0,15695.31,0.04
5n20_3,17553.89,18289.64,4.19,93.18,17877.4,1.84,896,17553.89,17556.15,0.01,17563.91,0.06,,17550.6,-0.02,386.0,209.0,17554.86,0.01
5n20_4,19641.41,20293.64,3.32,59.64,19769.3,0.65,840,19641.41,19738.29,0.49,19676.58,0.18,,19617.1,-0.12,2532.0,2532.0,19630.94,-0.05
5n20_5,21579.85,22677.74,5.09,64.38,21664.4,0.39,577,21579.85,21579.85,0.0,21634.84,0.25,,21619.5,0.18,3555.0,3555.0,21684.74,0.49
1n25_2,14623.88,15018.29,2.70,144.63,14663.7,0.27,202,14623.88,14623.88,0.0,14623.88,0.0,,14623.9,0.0,642.0,642.0,14624.52,0.0
1n25_3,15577.79,15889.39,2.00,100.89,15599,0.14,798,15577.79,15626.68,0.31,15577.79,0.0,,15577.8,0.0,643.0,455.0,15577.85,0.0
1n25_4,16508.56,17254.49,4.52,137.09,16611.4,0.62,814,16508.56,16508.56,0.0,16510.88,0.01,,16513.4,0.03,1224.0,1022.0,16532.39,0.14
1n25_5,17459.08,18451.69,5.69,113.27,17493.8,0.20,802,17459.08,17459.08,0.0,17471.91,0.07,,17461.0,0.01,3544.0,3544.0,17491.62,0.19
2n25_2,16086.07,16276.51,1.184,140.72,16119,0.20,494,16086.07,16107.4,0.13,16112.2,0.16,,16087.6,0.01,1484.0,1484.0,16089.79,0.02
2n25_3,17488.64,17967.91,2.74,156.8,17521.3,0.19,751,17488.64,17501.7,0.07,17488.64,0.0,,17486.9,-0.01,987.0,780.0,17501.03,0.07
2n25_4,18836.55,19509.61,3.57,131.81,19335.4,2.65,879,18836.55,19039.69,1.08,18887.33,0.27,,18847.7,0.06,888.0,638.0,18891.38,0.29
2n25_5,20407.23,21415.11,4.94,166.38,20720,1.53,812,20407.23,20534.21,0.62,20436.43,0.14,,20360.0,-0.23,3946.0,3946.0,20418.8,0.06
3n25_2,17363.3,18375.13,5.83,150.36,17363.3,0,299,17363.33,17363.33,0.00,17363.33,0.00,,17363.3,0.0,922.0,593.0,17370.46,0.04
3n25_3,19010.79,19455.13,2.34,97.86,19088.9,0.41,938,19010.79,19063.76,0.28,19052.91,0.22,,19010.8,0.0,2121.0,2121.0,19024.36,0.07
3n25_4,20742.48,22049.33,6.30,116.98,20921.7,0.86,777,20742.48,20768.28,0.12,20818.59,0.37,,20758.4,0.08,1499.0,1186.0,20791.6,0.24
3n25_5,22617.85,24277.13,7.34,184.46,23142.8,2.32,665,22617.85,22674.97,0.25,22701.24,0.37,,22613.6,-0.02,4013.0,4013.0,22703.85,0.38
4n25_2,15289.98,15849.17,3.66,160.9,15306.7,0.11,132,15289.98,15292.88,0.02,15289.98,0.0,,15290.0,0.0,311.0,311.0,15290.0,0.0
4n25_3,16223.57,16901.27,4.18,140.22,16308.4,0.52,689,16223.57,16415.22,1.18,16319.1,0.59,,16229.9,0.04,1957.0,1957.0,16240.54,0.1
4n25_4,17202.04,17630.27,2.49,124.77,17337,0.78,823,17202.04,17202.04,0.0,17302.39,0.58,,17202.0,0.0,1863.0,1395.0,17205.65,0.02
4n25_5,18115.47,18565.67,2.49,94.71,18341.9,1.25,833,18115.47,18169.0,0.30,18144.49,0.16,,18118.0,0.01,3507.0,3507.0,18154.97,0.22
5n25_2,18141.67,18569.62,2.36,161.55,18172.8,0.17,398,18141.67,18141.67,0.0,18141.67,0.0,,18141.7,0.0,818.0,818.0,18142.67,0.01
5n25_3,19827.4,20597.22,3.88,144,20036.7,1.06,945,19827.4,19928.4,0.5,19902.4,0.4,,19831.7,0.02,1302.0,1104.0,19853.33,0.13
5n25_4,21837.28,22730.92,4.09,114.21,21901,0.29,894,21837.28,21862.72,0.12,21936.75,0.46,,21893.5,0.26,1934.0,1658.0,21932.53,0.44
5n25_5,23706.98,24849.02,4.82,127.84,23981.3,1.16,940,23706.98,23706.98,0.0,23819.58,0.47,,23787.8,0.34,1654.0,1315.0,23858.14,0.64
1n30_2,21513.96,21881.18,1.71,316,21557.3,0.20,479,21513.96,21513.96,0.0,21529.82,0.07,,21514.0,0.0,1552.0,1552.0,21516.46,0.01
1n30_3,22812.04,23117.58,1.34,246.87,23026.9,0.94,737,22812.04,22887.43,0.33,22870.91,0.26,,22828.3,0.07,2445.0,2445.0,22842.3,0.13
1n30_4,24360.19,25068.98,2.91,279.75,24764.1,1.66,917,24360.19,24603.56,1.0,24360.19,0.0,,24364.0,0.02,2574.0,2265.0,24427.92,0.28
1n30_5,25949.74,26729.38,3.00,197.45,26247.6,1.15,796,25949.74,25953.7,0.02,26039.48,0.35,,25957.5,0.03,3391.0,3008.0,26058.37,0.42
2n30_2,18716.23,18893.33,0.95,196,18876.3,0.86,688,18716.23,18827.43,0.59,18767.61,0.27,,18718.5,0.01,1704.0,1322.0,18720.42,0.02
2n30_3,19744.67,20082.83,1.71,178.45,19940.2,0.99,819,19744.67,19767.67,0.12,19795.65,0.26,,19744.5,0.0,3139.0,3139.0,19751.33,0.03
2n30_4,20854.44,21376.63,2.50,181.63,21308.1,2.18,680,20854.44,20914.75,0.29,20935.78,0.39,,20839.8,-0.07,2475.0,2193.0,20883.95,0.14
2n30_5,22097.73,22743.83,2.92,209.33,22179.1,0.37,805,22097.73,22103.55,0.03,22116.2,0.08,,22055.2,-0.19,2485.0,2485.0,22105.04,0.03
3n30_2,20990.93,21311.82,1.53,175.85,21049,0.28,52,20990.93,21063.2,0.34,20990.93,0.0,,20990.9,0.0,1406.0,1082.0,20991.4,0.0
3n30_3,21920.38,22290.62,1.69,225.66,22059.6,0.63,496,21920.38,21924.47,0.02,21920.38,0.0,,21876.7,-0.2,2613.0,2613.0,21910.16,-0.05
3n30_4,22793.24,23511.52,3.15,233.23,23298,2.21,455,22793.24,22793.24,0.0,22886.23,0.41,,22800.3,0.03,1024.0,737.0,22812.15,0.08
3n30_5,23795.99,24650.72,3.59,230.63,24007.7,0.89,837,23795.99,23874.72,0.33,23847.13,0.21,,23796.1,0.0,5911.0,5911.0,23819.74,0.1
4n30_2,16697.12,17199.6,3.01,179.26,16718.3,0.13,532,16697.12,16732.15,0.21,16718.09,0.13,,16697.1,0.0,1294.0,879.0,16697.6,0.0
4n30_3,17705.56,18020.8,1.78,201.87,17994.2,1.630,780,17705.56,17728.52,0.13,17724.58,0.11,,17668.3,-0.21,2846.0,2846.0,17716.1,0.06
4n30_4,18855.86,19519.7,3.52,204.03,19251,2.10,843,18855.86,18855.86,0.0,19101.28,1.3,,18858.6,0.01,2521.0,2521.0,18890.89,0.19
4n30_5,20157.66,20725,2.81,175.78,20452.8,1.46,887,20157.66,20244.77,0.43,20380.93,1.11,,20129.4,-0.14,5468.0,5468.0,20200.8,0.21
5n30_2,17679.38,17890.32,1.19,319.47,17738.4,0.33,586,17679.38,17679.38,0.0,17711.83,0.18,,17681.6,0.01,1568.0,1568.0,17686.55,0.04
5n30_3,18720.09,19113.72,2.10,235.41,18830.8,0.59,633,18720.09,18759.37,0.21,18720.09,0.0,,18673.0,-0.25,3049.0,3049.0,18765.51,0.24
5n30_4,19851.53,20422.52,2.89,226.39,20069.4,1.10,830,19851.53,19964.99,0.57,19851.53,0.0,,19845.0,-0.03,1742.0,1420.0,19911.15,0.3
5n30_5,21055.52,21736.02,3.23,213.36,21319.7,1.25,891,21055.52,21148.03,0.44,21055.52,0.0,,21061.5,0.03,2731.0,2321.0,21114.66,0.28
1n35_2,21061.23,-,-,-,-,-,-,21061.23,21061.53,0.0,21083.07,0.1,,21062.4,0.01,1371.0,1371.0,21068.88,0.04
1n35_3,22177.26,-,-,-,-,-,-,22177.26,22190.24,0.06,22203.54,0.12,,22160.9,-0.07,2239.0,1970.0,22189.91,0.06
1n35_4,23333.17,-,-,-,-,-,-,23333.17,23459.83,0.54,23423.2,0.39,,23330.0,-0.01,4886.0,4886.0,23373.18,0.17
1n35_5,24466.8,-,-,-,-,-,-,24466.8,24579.49,0.46,24497.94,0.13,,24540.5,0.3,5337.0,4956.0,24540.5,0.3
2n35_2,19251.42,-,-,-,-,-,-,19251.42,19316.85,0.34,19251.42,0.0,,19266.1,0.08,1919.0,1469.0,19267.89,0.09
2n35_3,20140.61,-,-,-,-,-,-,20140.61,20198.45,0.29,20176.08,0.18,,20108.5,-0.16,1749.0,1749.0,20115.59,-0.12
2n35_4,21040.94,-,-,-,-,-,-,21040.94,21064.57,0.11,21075.27,0.16,,21041.7,0.0,3233.0,3233.0,21072.06,0.15
2n35_5,22201.82,-,-,-,-,-,-,22201.82,22322.61,0.54,22246.49,0.2,,22118.2,-0.38,3433.0,3433.0,22202.74,0.0
3n35_2,24538.08,-,-,-,-,-,-,24538.08,24538.08,0.0,24755.57,0.89,,24538.8,0.0,543.0,363.0,24548.5,0.04
3n35_3,26085.54,-,-,-,-,-,-,26085.54,26085.54,0.0,26242.35,0.6,,26087.6,0.01,1126.0,891.0,26091.04,0.02
3n35_4,27760.46,-,-,-,-,-,-,27760.46,27760.46,0.0,27884.99,0.45,,27766.2,0.02,5066.0,5066.0,27805.98,0.16
3n35_5,29589.34,-,-,-,-,-,-,29589.34,29750.19,0.54,29589.34,0.0,,29630.3,0.14,5753.0,5753.0,29697.96,0.37
4n35_2,18890.87,-,-,-,-,-,-,18890.87,18890.87,0.0,18977.72,0.46,,18890.9,0.0,1434.0,1434.0,18891.02,0.0
4n35_3,20234.97,-,-,-,-,-,-,20234.97,20234.97,0.0,20494.79,1.28,,20310.7,0.37,3662.0,3662.0,20345.25,0.54
4n35_4,21760.69,-,-,-,-,-,-,21760.69,21760.69,0.0,21815.66,0.25,,21724.0,-0.17,3638.0,3154.0,21792.71,0.15
4n35_5,23194.64,-,-,-,-,-,-,23194.64,23210.14,0.07,23194.64,0.0,,23189.2,-0.02,4197.0,3787.0,23270.21,0.33
5n35_2,19928.2,-,-,-,-,-,-,19928.2,19944.94,0.08,19928.2,0.0,,19928.4,0.0,898.0,693.0,19931.91,0.02
5n35_3,20939.47,-,-,-,-,-,-,20939.47,20961.16,0.1,20987.36,0.23,,20933.5,-0.03,2449.0,2162.0,20968.58,0.14
5n35_4,22157.73,-,-,-,-,-,-,22157.73,22311.65,0.69,22221.82,0.29,,22191.5,0.15,5130.0,5130.0,22210.74,0.24
5n35_5,23384.55,-,-,-,-,-,-,23384.55,23540.13,0.67,23384.55,0.0,,23395.0,0.04,7200.0,7200.0,23473.5,0.38
1n40_2,24435.89,-,-,-,-,-,-,24435.89,24458.22,0.09,24470.85,0.14,,24437.7,0.01,1841.0,1841.0,24627.04,0.78
1n40_3,25932.69,-,-,-,-,-,-,25932.69,25990.85,0.22,26052.16,0.46,,26027.2,0.36,5008.0,5008.0,26082.52,0.58
1n40_4,27431.25,-,-,-,-,-,-,27431.25,27657.05,0.82,27437.0,0.02,,27392.6,-0.14,3216.0,2809.0,27447.99,0.06
1n40_5,29019.19,-,-,-,-,-,-,29019.19,29195.25,0.61,29020.14,0.0,,28973.6,-0.16,3558.0,3053.0,29112.81,0.32
2n40_2,20198.29,-,-,-,-,-,-,20198.29,20491.35,1.45,20198.29,0.0,,20198.9,0.0,971.0,751.0,20205.76,0.04
2n40_3,21164.66,-,-,-,-,-,-,21164.66,21444.94,1.32,21164.66,0.0,,21164.7,0.0,1895.0,1343.0,21192.26,0.13
2n40_4,22510.64,-,-,-,-,-,-,22510.64,22750.26,1.06,22510.64,0.0,,22511.2,0.0,1969.0,1969.0,22588.62,0.35
2n40_5,23877.0,-,-,-,-,-,-,23877.0,24066.71,0.79,23877.0,0.0,,23874.6,-0.01,3168.0,3168.0,23908.27,0.13
3n40_2,24611.48,-,-,-,-,-,-,24611.48,24656.51,0.18,24611.48,0.0,,24613.0,0.01,946.0,946.0,24616.44,0.02
3n40_3,25280.31,-,-,-,-,-,-,25280.31,25361.46,0.32,25405.41,0.49,,25280.3,0.0,1275.0,819.0,25282.74,0.01
3n40_4,26172.82,-,-,-,-,-,-,26172.82,26206.6,0.13,26268.01,0.36,,26157.6,-0.06,5147.0,5147.0,26181.21,0.03
3n40_5,27080.23,-,-,-,-,-,-,27080.23,27080.23,0.0,27160.16,0.3,,27055.2,-0.09,4160.0,4160.0,27115.03,0.13
4n40_2,20174.99,-,-,-,-,-,-,20174.99,20226.02,0.25,20174.99,0.0,,20176.2,0.01,1154.0,1154.0,20214.21,0.19
4n40_3,21190.9,-,-,-,-,-,-,21190.9,21284.83,0.44,21239.63,0.23,,21136.4,-0.26,3948.0,3948.0,21195.81,0.02
4n40_4,22212.5,-,-,-,-,-,-,22212.5,22276.83,0.29,22213.15,0.00,,22157.7,-0.25,3994.0,3526.0,22186.58,-0.12
4n40_5,23258.69,-,-,-,-,-,-,23258.69,23455.78,0.85,23258.69,0.0,,23300.1,0.18,5936.0,5936.0,23342.16,0.36
5n40_2,22835.89,-,-,-,-,-,-,22835.89,22867.59,0.14,22835.89,0.0,,22841.8,0.03,1762.0,1762.0,22858.54,0.1
5n40_3,23948.47,-,-,-,-,-,-,23948.47,24009.54,0.26,26437.84,10.39,,23919.5,-0.12,3370.0,3006.0,23931.54,-0.07
5n40_4,25056.16,-,-,-,-,-,-,25056.16,25187.97,0.53,25056.16,0.0,,25078.3,0.09,2463.0,2463.0,25098.3,0.17
5n40_5,26432.51,-,-,-,-,-,-,26432.51,26586.45,0.58,26452.81,0.08,,26461.1,0.11,2409.0,1921.0,26547.75,0.44
1n45_2,24310.7,-,-,-,-,-,-,24310.7,24310.7,0.0,24328.71,0.07,,24310.8,0.0,893.0,893.0,24345.35,0.14
1n45_3,25589.08,-,-,-,-,-,-,25589.08,25596.37,0.03,25805.66,0.85,,25600.6,0.05,3573.0,2849.0,25610.84,0.09
1n45_4,27062.94,-,-,-,-,-,-,27062.94,27072.91,0.04,27147.75,0.31,,26978.0,-0.31,4490.0,4490.0,27031.81,-0.12
1n45_5,28476.85,-,-,-,-,-,-,28476.85,28722.05,0.86,28476.85,0.0,,28508.7,0.11,2515.0,2515.0,28548.69,0.25
2n45_2,24532.93,-,-,-,-,-,-,24532.93,24828.37,1.2,24662.45,0.53,,24517.7,-0.06,1331.0,1113.0,24531.3,-0.01
2n45_3,26229.48,-,-,-,-,-,-,26229.48,26229.48,0.0,26289.79,0.23,,26226.6,-0.01,3678.0,3678.0,26271.57,0.16
2n45_4,28163.64,-,-,-,-,-,-,28163.64,28440.96,0.98,28163.64,0.0,,28058.7,-0.37,2669.0,2669.0,28096.39,-0.24
2n45_5,29980.22,-,-,-,-,-,-,29980.22,30211.57,0.77,30090.36,0.37,,29981.1,0.0,4966.0,4966.0,30028.28,0.16
3n45_2,25197.87,-,-,-,-,-,-,25197.87,25225.26,0.11,25210.63,0.05,,25199.3,0.01,1564.0,1564.0,25201.41,0.01
3n45_3,25756.35,-,-,-,-,-,-,25756.35,25801.2,0.17,25756.35,0.0,,25756.9,0.0,4589.0,4589.0,25758.78,0.01
3n45_4,26520.5,-,-,-,-,-,-,26520.5,26586.95,0.25,26520.5,0.0,,26448.1,-0.27,1935.0,1542.0,26493.34,-0.1
3n45_5,27147.36,-,-,-,-,-,-,27147.36,27252.79,0.39,27221.34,0.27,,27189.9,0.16,3382.0,2935.0,27219.7,0.27
4n45_2,25335.88,-,-,-,-,-,-,25335.88,25382.19,0.18,25494.23,0.63,,25342.0,0.02,2174.0,2174.0,25355.85,0.08
4n45_3,26795.41,-,-,-,-,-,-,26795.41,26855.69,0.22,26805.37,0.04,,26768.3,-0.1,3713.0,3055.0,26825.89,0.11
4n45_4,28352.51,-,-,-,-,-,-,28352.51,28647.72,1.04,28352.51,0.0,,28350.1,-0.01,4287.0,3853.0,28376.21,0.08
4n45_5,30044.69,-,-,-,-,-,-,30044.69,30108.41,0.21,30044.69,0.0,,29931.1,-0.38,7003.0,7002.0,30028.4,-0.05
5n45_2,24943.83,-,-,-,-,-,-,24943.83,24943.83,0.0,25007.0,0.25,,24951.6,0.03,3026.0,3026.0,24965.2,0.09
5n45_3,25547.28,-,-,-,-,-,-,25547.28,25658.36,0.43,25626.53,0.31,,25548.4,0.0,2152.0,1855.0,25561.67,0.06
5n45_4,26316.96,-,-,-,-,-,-,26316.96,26316.96,0.0,26327.86,0.04,,26275.3,-0.16,3517.0,2634.0,26310.17,-0.03
5n45_5,27047.13,-,-,-,-,-,-,27047.13,27201.92,0.57,27115.25,0.25,,27026.2,-0.08,2607.0,1966.0,27088.2,0.15
1n50_2,28200.07,-,-,-,-,-,-,28200.07,28254.51,0.19,28259.0,0.21,,28200.1,0.0,1577.0,1286.0,28220.54,0.07
1n50_3,29903.9,-,-,-,-,-,-,29903.9,29913.16,0.03,30032.9,0.4,,29884.3,-0.07,4291.0,4269.0,29933.58,0.1
1n50_4,31856.77,-,-,-,-,-,-,31856.77,32243.73,1.21,31856.77,0.0,,31890.5,0.11,4841.0,4841.0,32014.73,0.5
1n50_5,34082.12,-,-,-,-,-,-,34082.12,34337.21,0.75,34149.96,0.2,,34007.0,-0.22,7200.0,7200.0,34064.17,-0.05
2n50_2,27848.92,-,-,-,-,-,-,27848.92,27852.16,0.01,27848.92,0.0,,27824.1,-0.09,2989.0,2989.0,27861.96,0.05
2n50_3,29653.4,-,-,-,-,-,-,29653.4,29699.44,0.16,29740.77,0.29,,29665.9,0.04,2028.0,1649.0,29708.62,0.19
2n50_4,31525.17,-,-,-,-,-,-,31525.17,31525.17,0.0,31528.97,0.01,,31561.0,0.11,6934.0,6934.0,31640.91,0.37
2n50_5,33558.14,-,-,-,-,-,-,33558.14,33747.37,0.56,33558.14,0.0,,33558.0,0.0,6974.0,6974.0,33649.42,0.27
3n50_2,27231.42,-,-,-,-,-,-,27231.42,27342.1,0.41,27387.45,0.57,,27242.4,0.04,3110.0,3110.0,27257.29,0.1
3n50_3,28491.56,-,-,-,-,-,-,28491.56,28529.34,0.13,28491.56,0.0,,28364.8,-0.44,3077.0,3077.0,28409.84,-0.29
3n50_4,29743.07,-,-,-,-,-,-,29743.07,29743.07,0.0,29757.88,0.05,,29734.1,-0.03,5560.0,5560.0,29763.36,0.07
3n50_5,31129.38,-,-,-,-,-,-,31129.38,31295.8,0.53,31129.38,0.0,,31204.6,0.24,2628.0,2193.0,31291.23,0.52
4n50_2,28885.88,-,-,-,-,-,-,28885.88,29316.77,1.49,29050.6,0.57,,28871.0,-0.05,1763.0,1247.0,28879.15,-0.02
4n50_3,30750.17,-,-,-,-,-,-,30750.17,30798.71,0.16,30860.98,0.36,,30701.1,-0.16,4094.0,4094.0,30724.72,-0.08
4n50_4,32944.84,-,-,-,-,-,-,32944.84,33065.31,0.37,32983.77,0.12,,32817.5,-0.39,3703.0,2630.0,33003.18,0.18
4n50_5,34798.23,-,-,-,-,-,-,34798.23,35071.01,0.78,34798.23,0.0,,34903.4,0.3,6895.0,6895.0,35052.66,0.73
5n50_2,26948.67,-,-,-,-,-,-,26948.67,26948.67,0.0,26973.95,0.09,,26960.2,0.04,3165.0,3165.0,26970.56,0.08
5n50_3,28557.76,-,-,-,-,-,-,28557.76,28752.68,0.68,28630.02,0.25,,28578.1,0.07,1615.0,1172.0,28630.4,0.25
5n50_4,30276.43,-,-,-,-,-,-,30276.43,30604.56,1.08,30276.43,0.0,,30377.27,0.33,4215.0,3025.0,30459.59,0.6
5n50_5,32024.22,-,-,-,-,-,-,32024.22,32307.71,0.89,32024.22,0.0,,32129.1,0.33,5870.0,5173.0,32297.55,0.85