"CO=HC, H=6",,\rho=50,,,,\rho=75,,,,\rho=100,,,,\rho=300,,,
Instance,K,sHGS,avgHGS,tHGS,BST,sHGS,avgHGS,tHGS,BST,sHGS,avgHGS,tHGS,BST,sHGS,avgHGS,tHGS,BST
1n10_1,2,9302.37,9340.61,35.0,21.0,9300.22,9467.11,27.0,13.0,9300.75,9779.84,61.0,46.0,9307.1,9342.2,27.0,13.0
1n10_2,3,10748.1,10781.1,48.0,23.0,10748.1,10781.1,71.0,47.0,10747.0,11025.81,60.0,35.0,10747.1,10761.2,83.0,56.0
1n10_3,4,12063.1,12179.0,111.0,74.0,12068.9,12139.7,207.0,164.0,12091.5,12362.26,93.0,46.0,12120.6,12123.0,97.0,57.0
1n10_4,5,13464.0,13585.7,109.0,62.0,13447.4,13575.8,232.0,168.0,13504.1,13772.15,269.0,201.0,13501.0,13546.4,112.0,52.0
1n15_1,2,11572.9,11678.4,98.0,77.0,11581.8,12221.3,61.0,39.0,11579.9,12478.3,102.0,80.0,11584.3,11706.6,54.0,32.0
1n15_2,3,12497.7,12520.9,129.0,100.0,12498.0,12680.2,183.0,154.0,12486.1,12984.94,104.0,71.0,12498.1,12615.4,122.0,91.0
1n15_3,4,13380.6,13400.6,180.0,139.0,13354.8,13573.7,184.0,146.0,13368.7,13959.79,157.0,113.0,13375.3,13375.3,171.0,151.0
1n15_4,5,14410.1,14633.6,248.0,179.0,14451.0,14501.1,157.0,88.0,14424.1,14609.53,169.0,95.0,14444.4,14465.2,301.0,232.0
1n20_1,2,14242.9,14274.6,77.0,53.0,14243.8,14496.0,123.0,98.0,14238.1,15107.88,51.0,29.0,14244.7,14263.3,85.0,60.0
1n20_2,3,15650.4,15886.1,284.0,249.0,15666.6,16033.7,182.0,149.0,15639.6,16526.88,242.0,208.0,15660.0,15704.0,99.0,66.0
1n20_3,4,17289.2,17623.5,169.0,123.0,17179.3,17543.7,334.0,283.0,17300.8,18046.03,223.0,173.0,17278.2,17307.5,153.0,106.0
1n20_4,5,18742.8,18821.8,439.0,369.0,18753.1,19077.7,139.0,83.0,18743.4,19491.95,258.0,201.0,18766.7,18766.7,312.0,282.0
1n25_1,2,14474.6,15193.8,106.0,74.0,14528.2,14830.8,147.0,117.0,14585.2,15235.0,118.0,88.0,14629.7,14765.3,97.0,69.0
1n25_2,3,15510.8,16065.4,168.0,132.0,15543.3,15624.8,177.0,137.0,15577.9,15789.46,190.0,148.0,15585.0,15652.6,225.0,184.0
1n25_3,4,16453.1,16666.0,139.0,93.0,16485.0,16585.8,121.0,72.0,16519.1,16998.41,284.0,236.0,16555.2,16588.2,148.0,99.0
1n25_4,5,17391.2,17391.2,166.0,131.0,17388.4,17512.1,347.0,293.0,17471.0,17771.46,190.0,133.0,17497.1,17539.6,207.0,146.0
1n30_1,2,21516.8,22702.2,162.0,125.0,21518.0,21814.3,138.0,101.0,21514.9,22339.0,157.0,119.0,21519.6,21899.9,194.0,156.0
1n30_2,3,22876.5,23817.8,479.0,419.0,22871.1,23449.9,262.0,203.0,22841.4,23642.94,415.0,361.0,22879.6,23381.1,300.0,244.0
1n30_3,4,24380.5,24551.0,506.0,435.0,24487.4,24688.6,378.0,304.0,24428.2,25224.05,294.0,218.0,24534.1,24818.2,317.0,237.0
1n30_4,5,26173.0,26570.1,465.0,372.0,26164.8,26397.3,380.0,279.0,26099.0,26937.09,417.0,305.0,26126.3,26126.3,893.0,840.0
1n35_1,2,21072.3,21341.8,451.0,400.0,21077.6,21606.1,180.0,132.0,21067.0,21863.76,246.0,202.0,21073.4,21148.5,217.0,171.0
1n35_2,3,22234.4,22793.3,446.0,381.0,22208.1,22325.9,419.0,351.0,22192.6,22933.32,444.0,383.0,22207.1,22451.4,503.0,443.0
1n35_3,4,23432.2,23712.5,685.0,606.0,23425.0,23656.8,551.0,470.0,23420.5,24216.27,534.0,458.0,23376.9,23786.7,777.0,694.0
1n35_4,5,24696.8,24880.7,567.0,459.0,24709.9,25350.7,541.0,438.0,24661.6,25941.43,660.0,557.0,24691.1,24958.4,1262.0,1158.0
1n40_1,2,24439.6,24538.8,270.0,223.0,24464.2,24993.2,469.0,417.0,24438.5,25364.73,461.0,412.0,24679.2,24682.8,340.0,289.0
1n40_2,3,26055.0,26213.3,287.0,209.0,26068.5,26274.7,283.0,210.0,25950.2,26844.99,373.0,299.0,25980.2,26246.3,458.0,384.0
1n40_3,4,27519.3,27934.5,451.0,367.0,27525.3,27953.5,814.0,715.0,27556.0,28518.98,784.0,699.0,27520.4,28000.6,673.0,591.0
1n40_4,5,29312.9,29448.9,1014.0,884.0,29274.2,29941.4,620.0,504.0,29270.2,30211.12,281.0,163.0,29336.6,29336.6,795.0,590.0
1n45_1,2,24317.5,24749.6,314.0,250.0,24326.4,24838.1,341.0,280.0,24313.5,25275.54,289.0,225.0,24327.1,24559.5,394.0,332.0
1n45_2,3,25619.4,26691.0,690.0,602.0,25622.8,26115.8,388.0,293.0,25610.1,26188.04,697.0,629.0,25634.1,25732.5,480.0,396.0
1n45_3,4,27080.8,27247.5,546.0,447.0,27060.3,27140.4,433.0,322.0,27023.7,27587.7,655.0,552.0,27004.6,27417.4,692.0,598.0
1n45_4,5,28617.8,28984.0,948.0,818.0,28625.2,29067.5,535.0,423.0,28546.8,29435.15,657.0,536.0,28592.1,28761.4,991.0,874.0
1n50_1,2,28133.8,28304.5,288.0,219.0,28178.7,28716.0,375.0,314.0,28221.3,28982.14,529.0,468.0,28236.8,28259.2,460.0,395.0
1n50_2,3,29922.2,30603.7,501.0,406.0,29931.2,30412.2,517.0,424.0,29910.1,30646.74,520.0,430.0,29957.5,30052.9,413.0,320.0
1n50_3,4,32083.2,32427.0,668.0,530.0,32122.4,32750.3,433.0,285.0,32185.4,33098.95,522.0,384.0,32169.2,32454.0,466.0,335.0
1n50_4,5,34126.9,34534.8,587.0,402.0,34279.5,34980.7,740.0,592.0,34172.7,35596.06,513.0,338.0,34274.8,34748.7,824.0,660.0
2n10_1,2,9211.08,9396.73,41.0,26.0,9245.58,9402.84,33.0,19.0,9280.71,9881.23,49.0,31.0,9304.26,9304.26,55.0,39.0
2n10_2,3,10775.6,10775.6,88.0,64.0,10875.0,11422.9,91.0,66.0,10945.2,11568.09,65.0,40.0,11046.7,11052.3,83.0,57.0
2n10_3,4,12656.6,12849.0,93.0,60.0,12681.4,12685.4,109.0,70.0,12681.9,12921.01,74.0,36.0,12682.8,12684.8,123.0,83.0
2n10_4,5,14209.1,14238.3,114.0,68.0,14220.5,14402.4,204.0,157.0,14245.7,14566.21,119.0,65.0,14405.5,14423.3,130.0,65.0
2n15_1,2,11552.4,11746.6,78.0,58.0,11552.4,11687.1,59.0,39.0,11553.8,12063.32,63.0,41.0,11552.4,11631.8,37.0,15.0
2n15_2,3,12482.9,12564.1,133.0,104.0,12493.0,12525.6,154.0,124.0,12519.2,12896.91,168.0,138.0,12519.3,12533.4,174.0,143.0
2n15_3,4,13597.3,13597.3,174.0,155.0,13586.2,13898.9,104.0,64.0,13583.3,14159.81,106.0,63.0,13603.6,13622.4,106.0,65.0
2n15_4,5,14477.8,14599.4,246.0,186.0,14468.4,14613.2,250.0,191.0,14480.1,14708.03,215.0,150.0,14476.6,14482.9,404.0,340.0
2n20_1,2,13603.2,13844.8,94.0,65.0,13593.3,13706.7,111.0,82.0,13596.9,13845.19,105.0,76.0,13604.6,13653.4,66.0,40.0
2n20_2,3,14128.4,14267.2,156.0,125.0,14128.4,14154.6,159.0,128.0,14132.6,14480.59,161.0,125.0,14128.4,14161.7,116.0,87.0
2n20_3,4,14805.9,14820.6,182.0,141.0,14805.7,15082.2,212.0,171.0,14809.1,15253.85,169.0,128.0,14807.7,14808.0,222.0,182.0
2n20_4,5,15506.3,15510.6,256.0,201.0,15500.3,15506.6,251.0,198.0,15492.5,15817.04,246.0,198.0,15515.4,15520.6,257.0,208.0
2n25_1,2,16094.7,16178.6,233.0,200.0,16091.5,16109.4,219.0,186.0,16092.5,16839.76,112.0,77.0,16097.0,16098.8,138.0,103.0
2n25_2,3,17513.2,17758.2,214.0,176.0,17539.8,17566.8,198.0,146.0,17520.1,17885.91,254.0,204.0,17545.1,17546.5,165.0,116.0
2n25_3,4,18904.8,19431.3,282.0,222.0,18899.0,19283.3,266.0,198.0,18863.9,19418.03,347.0,285.0,18871.7,19112.9,336.0,270.0
2n25_4,5,20517.9,20745.0,603.0,514.0,20469.1,20539.4,547.0,452.0,20459.8,21500.16,643.0,559.0,20440.4,20677.5,543.0,456.0
2n30_1,2,18724.5,19074.9,133.0,94.0,18726.1,18815.9,163.0,123.0,18721.4,19228.93,178.0,141.0,18726.7,18803.9,146.0,109.0
2n30_2,3,19775.4,19894.0,286.0,233.0,19754.4,19906.3,325.0,263.0,19754.4,20367.62,440.0,385.0,19755.8,19869.1,322.0,271.0
2n30_3,4,20908.2,21332.5,269.0,194.0,20888.4,21040.2,349.0,286.0,20897.7,21423.15,479.0,413.0,20908.2,20987.6,526.0,461.0
2n30_4,5,22100.2,22263.0,553.0,460.0,22133.6,22325.5,684.0,597.0,22119.6,22560.49,469.0,395.0,22131.8,22207.9,453.0,381.0
2n35_1,2,19269.6,19514.7,116.0,71.0,19269.1,19413.5,210.0,167.0,19268.5,19667.17,121.0,75.0,19271.3,19375.8,165.0,118.0
2n35_2,3,20114.7,20567.4,393.0,335.0,20117.7,20326.1,250.0,197.0,20122.8,20778.3,401.0,345.0,20116.4,20246.6,228.0,174.0
2n35_3,4,21069.8,21130.3,427.0,363.0,21071.9,21100.3,311.0,249.0,21094.1,21469.27,225.0,161.0,21100.8,21116.5,331.0,266.0
2n35_4,5,22174.6,22565.0,435.0,354.0,22255.7,22403.3,365.0,286.0,22173.6,23030.75,341.0,254.0,22151.4,22382.9,508.0,432.0
2n40_1,2,20210.2,20470.7,221.0,177.0,20208.2,20418.9,359.0,309.0,20200.9,20913.94,279.0,229.0,20210.5,20436.5,266.0,218.0
2n40_2,3,21180.0,21429.9,325.0,258.0,21180.3,21379.2,215.0,154.0,21169.3,21681.84,391.0,327.0,21184.0,21262.4,397.0,336.0
2n40_3,4,22547.5,23011.2,517.0,442.0,22541.0,22862.4,426.0,351.0,22514.6,23316.15,367.0,294.0,22603.6,22708.7,233.0,151.0
2n40_4,5,23983.0,24254.0,649.0,556.0,24110.9,24424.1,655.0,560.0,23942.5,24664.81,808.0,708.0,23950.3,24271.6,454.0,358.0
2n45_1,2,24522.0,24908.8,378.0,325.0,24519.2,25262.3,311.0,261.0,24520.3,25693.4,371.0,320.0,24518.8,24611.2,252.0,205.0
2n45_2,3,26278.2,26777.2,392.0,324.0,26273.7,26817.1,434.0,356.0,26246.8,26991.88,440.0,366.0,26257.5,26288.7,423.0,346.0
2n45_3,4,28201.8,29078.5,401.0,294.0,28182.3,29022.5,811.0,713.0,28149.0,29567.64,662.0,566.0,28182.4,28579.0,519.0,413.0
2n45_4,5,30288.1,30750.9,528.0,379.0,30312.7,30603.4,542.0,407.0,30196.2,31399.22,583.0,442.0,30313.4,30525.2,570.0,438.0
2n50_1,2,27843.2,28279.3,304.0,227.0,27839.7,28093.2,454.0,380.0,27834.5,28497.88,451.0,375.0,27845.5,27881.8,405.0,330.0
2n50_2,3,29708.5,30196.3,617.0,521.0,29783.9,30490.6,624.0,520.0,29736.2,30843.05,529.0,448.0,29794.8,30011.9,376.0,286.0
2n50_3,4,31765.5,31997.1,464.0,339.0,31752.8,31916.9,442.0,313.0,31697.9,32888.3,578.0,453.0,31660.7,31932.2,542.0,422.0
2n50_4,5,33871.7,34698.5,782.0,607.0,33891.8,34312.2,802.0,655.0,33841.7,35004.71,1068.0,919.0,33952.7,34658.6,478.0,324.0
3n10_1,2,8447.67,8682.01,21.0,5.0,8447.67,8700.8,42.0,28.0,8445.51,8904.0,30.0,15.0,8447.67,8484.59,17.0,3.0
3n10_2,3,9362.46,9411.82,35.0,12.0,9362.46,9406.65,36.0,16.0,9357.14,9789.33,62.0,42.0,9362.46,9362.46,29.0,7.0
3n10_3,4,10454.9,10484.4,57.0,24.0,10454.4,10479.4,101.0,70.0,10447.9,10672.54,108.0,75.0,10461.4,10475.0,80.0,47.0
3n10_4,5,11492.8,11536.4,170.0,133.0,11480.0,11502.1,79.0,37.0,11500.3,11695.7,122.0,70.0,11527.8,11539.5,100.0,56.0
3n15_1,2,13243.0,13878.5,44.0,24.0,13242.0,13708.2,62.0,43.0,13241.2,13859.0,66.0,46.0,13242.0,13330.4,56.0,35.0
3n15_2,3,14395.7,14743.7,211.0,180.0,14395.7,14405.6,114.0,86.0,14396.2,14889.04,145.0,114.0,14395.7,14418.3,169.0,137.0
3n15_3,4,15498.2,15714.2,141.0,98.0,15473.9,15529.4,177.0,131.0,15500.4,15819.48,234.0,187.0,15501.0,15518.8,140.0,97.0
3n15_4,5,16640.4,17082.5,173.0,110.0,16642.4,16667.7,373.0,309.0,16638.7,16817.69,288.0,224.0,16645.3,16650.5,179.0,115.0
3n20_1,2,13753.8,13755.7,97.0,78.0,13774.3,13957.7,67.0,43.0,13774.3,14190.61,65.0,40.0,13774.3,13774.3,82.0,57.0
3n20_2,3,14657.0,15286.6,134.0,101.0,14731.6,14768.7,147.0,112.0,14747.7,15204.89,137.0,99.0,14746.8,14749.5,121.0,83.0
3n20_3,4,15624.0,15717.5,213.0,172.0,15702.6,15748.8,188.0,162.0,15712.1,16316.91,182.0,137.0,15735.1,15749.3,182.0,134.0
3n20_4,5,16780.2,16942.1,179.0,120.0,16806.0,16874.2,402.0,340.0,16807.6,17245.72,207.0,150.0,16805.7,16846.6,422.0,359.0
3n25_1,2,17364.6,17691.7,119.0,81.0,17363.8,18043.5,103.0,72.0,17364.3,18614.28,165.0,130.0,17365.1,17406.2,129.0,96.0
3n25_2,3,19028.7,19509.2,319.0,271.0,19036.5,19881.3,195.0,149.0,19019.2,20165.52,319.0,274.0,19035.3,19035.3,216.0,185.0
3n25_3,4,20854.2,21301.9,344.0,260.0,20872.4,20990.1,204.0,135.0,20890.3,21451.69,234.0,165.0,20923.3,20949.2,156.0,84.0
3n25_4,5,22839.8,23224.7,629.0,518.0,22779.3,23157.1,439.0,339.0,22783.6,23634.3,560.0,470.0,22907.7,22960.7,389.0,296.0
3n30_1,2,20997.3,21134.5,192.0,157.0,21000.5,21104.3,147.0,113.0,20993.0,21542.69,145.0,112.0,21000.1,21134.5,158.0,126.0
3n30_2,3,21910.6,22289.2,338.0,285.0,21921.6,22151.8,214.0,163.0,21904.9,22494.91,367.0,312.0,21933.8,21942.0,249.0,197.0
3n30_3,4,22818.8,22823.3,389.0,333.0,22821.2,22856.1,383.0,313.0,22816.5,23051.75,480.0,416.0,22821.9,22848.5,344.0,275.0
3n30_4,5,23836.0,24352.4,638.0,565.0,23858.6,23915.8,409.0,336.0,23852.7,24247.11,279.0,207.0,23883.6,23883.6,437.0,386.0
3n35_1,2,24546.7,24601.4,227.0,183.0,24545.4,24547.4,197.0,154.0,24541.3,25104.62,407.0,367.0,24538.2,24560.0,421.0,381.0
3n35_2,3,26090.3,26461.7,341.0,279.0,26090.3,26448.7,388.0,331.0,26092.2,26975.01,418.0,362.0,26086.2,26142.3,642.0,581.0
3n35_3,4,27888.9,28111.7,751.0,664.0,27886.2,28360.9,542.0,467.0,27856.7,28831.06,525.0,440.0,27950.1,28035.1,302.0,209.0
3n35_4,5,29791.2,30411.8,775.0,640.0,29755.5,30330.7,659.0,540.0,29757.2,30548.31,709.0,598.0,29709.7,30061.3,938.0,821.0
3n40_1,2,24597.2,25045.9,181.0,131.0,24616.5,24890.8,204.0,159.0,24613.6,25117.74,269.0,223.0,24625.5,24640.2,247.0,201.0
3n40_2,3,25282.3,25471.6,483.0,422.0,25282.5,25516.3,248.0,186.0,25280.6,25624.7,276.0,218.0,25285.0,25556.5,311.0,256.0
3n40_3,4,26209.5,26316.6,701.0,621.0,26229.2,26405.3,446.0,367.0,26202.6,26635.7,489.0,405.0,26230.3,26447.0,356.0,270.0
3n40_4,5,27074.7,27559.5,718.0,626.0,27107.6,27634.3,827.0,727.0,27137.7,27831.85,604.0,517.0,27125.1,27328.2,530.0,441.0
3n45_1,2,25199.7,25205.7,358.0,305.0,25199.9,25407.5,298.0,247.0,25202.8,25841.45,227.0,173.0,25200.7,25335.4,285.0,233.0
3n45_2,3,25762.0,25784.0,531.0,460.0,25763.9,25785.5,527.0,458.0,25759.2,26103.79,391.0,321.0,25762.8,25789.9,598.0,526.0
3n45_3,4,26520.0,27048.1,534.0,463.0,26506.0,26744.1,501.0,417.0,26503.4,26828.41,332.0,242.0,26464.5,26667.5,522.0,436.0
3n45_4,5,27257.4,27637.9,401.0,293.0,27257.5,27575.3,580.0,480.0,27248.0,27780.88,583.0,481.0,27255.2,27409.3,838.0,741.0
3n50_1,2,27288.1,27552.1,242.0,170.0,27304.2,27553.1,488.0,415.0,27269.3,28005.35,435.0,362.0,27282.8,27549.0,318.0,247.0
3n50_2,3,28467.3,28675.9,475.0,376.0,28504.2,28871.9,489.0,393.0,28405.3,29410.29,400.0,296.0,28518.7,28791.1,485.0,392.0
3n50_3,4,29883.2,30401.6,682.0,547.0,29893.6,30184.9,701.0,578.0,29845.9,30395.29,753.0,632.0,29932.4,30277.2,625.0,500.0
3n50_4,5,31342.8,31664.3,651.0,479.0,31415.8,31954.9,644.0,467.0,31393.9,32211.88,864.0,716.0,31461.1,31568.3,455.0,302.0
4n10_1,2,9062.56,9217.77,18.0,4.0,9194.8,9622.99,28.0,15.0,9284.36,9746.53,33.0,18.0,9288.35,9488.21,23.0,8.0
4n10_2,3,10406.9,10427.2,53.0,27.0,10482.9,10558.9,64.0,41.0,10558.9,10759.45,65.0,53.0,10592.7,10592.7,51.0,24.0
4n10_3,4,11739.4,11804.9,101.0,63.0,11771.3,11804.8,105.0,69.0,11784.9,12019.44,56.0,17.0,11834.7,11843.9,72.0,33.0
4n10_4,5,12966.3,12982.8,52.0,14.0,13087.4,13160.1,184.0,136.0,13160.1,13221.06,153.0,138.0,13186.0,13207.4,190.0,131.0
4n15_1,2,10324.1,10424.8,59.0,39.0,10476.7,10987.0,78.0,59.0,10476.4,11253.97,40.0,21.0,10476.7,10477.7,51.0,32.0
4n15_2,3,11378.8,11551.7,69.0,48.0,11494.7,12143.7,80.0,57.0,11505.6,12345.01,101.0,76.0,11506.9,11694.4,138.0,113.0
4n15_3,4,12605.3,12605.9,78.0,45.0,12700.6,12970.6,111.0,75.0,12709.8,13347.95,176.0,141.0,12783.8,12915.0,54.0,22.0
4n15_4,5,13634.4,13671.6,153.0,102.0,13694.5,13918.0,200.0,149.0,13811.7,14562.84,281.0,235.0,13839.9,13948.9,190.0,138.0
4n20_1,2,14323.3,14746.8,175.0,145.0,14324.7,14599.7,98.0,69.0,14318.9,15051.85,100.0,70.0,14323.5,14663.1,182.0,151.0
4n20_2,3,16078.5,16350.8,202.0,159.0,16033.1,16543.3,216.0,182.0,16038.0,17018.62,112.0,71.0,16086.1,16086.1,215.0,190.0
4n20_3,4,17683.8,18250.5,421.0,374.0,17736.5,17896.9,134.0,92.0,17650.5,18316.89,241.0,191.0,17671.9,17763.4,198.0,147.0
4n20_4,5,19243.5,19486.5,291.0,221.0,19270.8,19423.9,190.0,122.0,19236.0,20041.31,410.0,346.0,19282.9,19392.0,341.0,286.0
4n25_1,2,15287.7,15291.1,100.0,72.0,15287.7,15287.7,46.0,22.0,15287.7,15419.75,83.0,55.0,15287.7,15289.7,46.0,18.0
4n25_2,3,16245.6,16550.2,213.0,166.0,16238.1,16523.4,122.0,80.0,16245.6,16836.65,148.0,106.0,16246.9,16292.5,218.0,176.0
4n25_3,4,17205.4,17610.4,206.0,154.0,17231.9,17369.7,178.0,120.0,17205.9,17654.14,310.0,258.0,17234.5,17249.0,227.0,177.0
4n25_4,5,18152.8,18254.4,262.0,211.0,18170.7,18438.1,470.0,413.0,18150.2,18584.46,476.0,412.0,18229.9,18379.6,180.0,119.0
4n30_1,2,16703.3,17556.1,242.0,198.0,16704.3,17261.5,116.0,71.0,16697.4,17682.97,183.0,139.0,16704.0,16769.9,170.0,126.0
4n30_2,3,17723.2,18111.1,174.0,126.0,17736.3,18127.9,246.0,190.0,17722.5,18517.24,349.0,294.0,17741.8,17823.7,196.0,146.0
4n30_3,4,18921.4,19219.7,505.0,452.0,18946.9,19152.9,214.0,155.0,18939.9,19755.15,399.0,337.0,18950.1,18999.7,268.0,206.0
4n30_4,5,20223.2,20327.7,391.0,304.0,20208.4,20319.1,342.0,258.0,20202.1,20671.84,216.0,146.0,20182.8,20277.5,426.0,355.0
4n35_1,2,18894.2,19216.5,285.0,243.0,18893.7,19361.6,396.0,350.0,18891.9,19501.2,248.0,204.0,18894.6,19101.6,401.0,355.0
4n35_2,3,20335.1,20747.6,249.0,187.0,20395.8,20463.8,356.0,294.0,20330.0,21127.42,418.0,359.0,20382.2,20509.7,213.0,147.0
4n35_3,4,21815.5,22299.7,326.0,243.0,21850.5,22146.7,315.0,234.0,21809.8,22658.84,341.0,264.0,21775.0,21976.3,595.0,515.0
4n35_4,5,23380.5,24218.5,471.0,384.0,23482.8,24049.1,496.0,396.0,23395.8,24285.86,627.0,535.0,23349.5,23660.4,309.0,226.0
4n40_1,2,20172.7,20835.0,290.0,236.0,20172.0,20828.3,265.0,213.0,20173.2,21064.87,347.0,293.0,20171.7,20495.1,234.0,182.0
4n40_2,3,21191.0,21815.1,365.0,304.0,21194.3,21488.0,355.0,291.0,21208.4,21609.95,321.0,258.0,21212.4,21279.0,277.0,212.0
4n40_3,4,22195.7,22622.0,603.0,524.0,22203.8,22604.8,431.0,352.0,22200.0,22934.34,413.0,331.0,22228.8,22497.5,343.0,259.0
4n40_4,5,23383.0,23827.1,967.0,859.0,23399.7,23372.9,374.0,285.0,23372.9,23939.3,638.0,557.0,23367.4,23426.4,521.0,424.0
4n45_1,2,25368.6,25782.7,410.0,343.0,25378.0,25761.8,268.0,202.0,25370.0,26048.59,306.0,237.0,25374.0,25817.3,230.0,160.0
4n45_2,3,26852.2,26862.3,335.0,259.0,26847.5,27066.9,361.0,273.0,26804.5,27458.21,369.0,293.0,26840.8,27068.9,373.0,294.0
4n45_3,4,28407.8,28550.5,859.0,765.0,28490.6,28510.4,520.0,427.0,28405.8,29294.81,544.0,441.0,28437.5,28528.2,545.0,446.0
4n45_4,5,30269.7,30717.8,680.0,562.0,30351.6,31101.2,953.0,808.0,30181.3,31395.59,499.0,373.0,30314.5,30752.5,569.0,437.0
4n50_1,2,28882.5,28929.1,363.0,307.0,28881.5,29488.8,424.0,356.0,28873.3,30229.57,356.0,298.0,28880.1,28978.1,357.0,296.0
4n50_2,3,30779.6,31573.0,520.0,426.0,30757.1,31596.6,547.0,450.0,30744.6,31738.35,672.0,582.0,30764.4,31003.7,541.0,446.0
4n50_3,4,32979.9,33685.6,892.0,756.0,33041.4,33733.6,543.0,427.0,32879.0,34195.47,817.0,698.0,33115.6,33278.0,507.0,387.0
4n50_4,5,35258.6,35445.3,613.0,445.0,35317.0,35421.4,484.0,321.0,35168.4,36489.81,632.0,469.0,35130.1,35601.7,552.0,388.0
5n10_1,2,9205.0,9344.72,33.0,17.0,9201.36,9320.44,89.0,74.0,9200.85,9449.63,22.0,9.0,9211.65,9229.42,31.0,17.0
5n10_2,3,9879.98,9941.57,35.0,15.0,9886.31,9957.13,57.0,37.0,9884.53,10090.1,40.0,18.0,9886.5,9890.7,48.0,25.0
5n10_3,4,10660.8,10678.9,33.0,5.0,10660.8,10698.0,39.0,11.0,10661.1,10892.88,39.0,9.0,10660.8,10670.9,36.0,8.0
5n10_4,5,11296.3,11327.2,112.0,60.0,11300.6,11327.1,140.0,84.0,11327.1,11385.19,177.0,161.0,11338.8,11340.4,115.0,60.0
5n15_1,2,10539.4,10967.2,63.0,44.0,10539.2,10741.8,104.0,84.0,10536.5,11035.84,61.0,43.0,10539.2,10574.2,56.0,37.0
5n15_2,3,11775.9,11920.0,77.0,56.0,11775.9,12001.1,82.0,52.0,11772.8,12248.11,61.0,35.0,11776.5,11881.6,78.0,51.0
5n15_3,4,13155.9,13259.7,67.0,28.0,13145.6,13215.0,252.0,217.0,13140.1,13387.01,117.0,76.0,13145.4,13192.5,137.0,99.0
5n15_4,5,14661.0,14674.9,236.0,176.0,14625.1,14703.9,405.0,350.0,14622.5,14982.41,278.0,227.0,14663.9,14663.9,246.0,223.0
5n20_1,2,15702.1,15986.5,110.0,80.0,15704.9,15727.9,187.0,157.0,15696.4,16676.51,112.0,82.0,15697.8,15909.0,123.0,93.0
5n20_2,3,17560.7,17986.9,166.0,122.0,17557.8,17742.6,142.0,98.0,17558.7,18187.4,244.0,198.0,17620.8,17669.3,119.0,74.0
5n20_3,4,19627.1,20055.6,380.0,334.0,19630.2,19889.9,203.0,145.0,19631.1,20369.79,391.0,331.0,19776.5,20031.1,218.0,159.0
5n20_4,5,21761.8,22283.4,559.0,461.0,21853.7,22134.2,496.0,422.0,21837.5,22761.39,314.0,227.0,21839.3,22011.3,159.0,69.0
5n25_1,2,18138.5,18751.0,158.0,132.0,18140.2,18696.5,210.0,182.0,18139.6,18940.5,149.0,119.0,18139.6,18169.8,120.0,91.0
5n25_2,3,19868.6,19949.5,254.0,205.0,19930.2,20033.1,238.0,191.0,19877.6,20795.98,333.0,283.0,19869.1,20020.6,291.0,244.0
5n25_3,4,21979.6,22369.6,283.0,211.0,21961.7,22390.5,231.0,164.0,21938.3,22742.36,319.0,253.0,21971.2,22099.2,275.0,207.0
5n25_4,5,23938.7,24899.3,527.0,432.0,23893.5,24274.5,728.0,634.0,23970.6,24577.96,579.0,485.0,23955.1,24128.7,592.0,505.0
5n30_1,2,17689.1,18113.8,237.0,196.0,17686.3,17829.8,283.0,240.0,17689.7,18195.44,217.0,175.0,17690.5,17947.7,178.0,136.0
5n30_2,3,18808.7,18993.7,295.0,236.0,18788.7,19060.1,412.0,343.0,18791.0,19204.6,264.0,199.0,18806.0,18984.4,266.0,204.0
5n30_3,4,19940.1,20005.4,273.0,187.0,19890.6,20332.9,445.0,365.0,19899.0,20568.62,382.0,305.0,19897.7,20036.8,365.0,282.0
5n30_4,5,21119.7,21180.0,727.0,610.0,21162.7,21479.1,389.0,286.0,21102.4,21839.65,759.0,649.0,21176.4,21283.1,631.0,513.0
5n35_1,2,19933.0,20243.8,219.0,176.0,19934.4,19958.2,329.0,283.0,19931.8,20512.94,257.0,212.0,19934.8,20009.8,198.0,153.0
5n35_2,3,20983.2,21139.5,310.0,245.0,20987.6,21164.2,292.0,224.0,20967.7,21749.42,257.0,191.0,20989.2,21261.3,448.0,380.0
5n35_3,4,22351.8,22534.0,465.0,378.0,22332.4,22695.5,355.0,267.0,22315.7,23084.6,273.0,179.0,22298.8,22595.6,359.0,268.0
5n35_4,5,23538.5,24289.1,682.0,570.0,23510.5,24221.6,554.0,436.0,23519.5,24590.1,533.0,425.0,23481.7,23736.7,480.0,373.0
5n40_1,2,22876.8,23017.5,363.0,304.0,22893.9,23122.9,234.0,170.0,22853.1,23483.86,166.0,105.0,22883.7,22973.6,216.0,153.0
5n40_2,3,23942.0,24268.1,387.0,310.0,23930.4,24567.6,361.0,288.0,23928.9,25056.23,404.0,335.0,23938.4,24067.5,483.0,410.0
5n40_3,4,25172.2,25437.6,370.0,278.0,25158.2,25604.8,498.0,406.0,25120.4,26068.54,506.0,411.0,25161.9,25393.0,471.0,373.0
5n40_4,5,26554.5,26694.7,372.0,278.0,26579.2,26875.1,633.0,515.0,26555.8,27124.03,980.0,852.0,26515.9,26902.1,758.0,635.0
5n45_1,2,24955.0,25179.3,209.0,155.0,24944.9,25176.9,265.0,207.0,24958.4,25487.95,296.0,242.0,24955.0,25048.7,206.0,157.0
5n45_2,3,25562.8,25648.6,251.0,185.0,25568.4,25750.2,318.0,247.0,25553.4,26299.68,366.0,297.0,25543.2,25569.4,331.0,260.0
5n45_3,4,26310.9,26479.8,1002.0,916.0,26319.2,26446.5,669.0,573.0,26302.5,26675.53,823.0,733.0,26327.0,26354.8,442.0,363.0
5n45_4,5,27129.8,27129.8,617.0,527.0,27108.4,27229.8,563.0,461.0,27133.8,27734.79,596.0,492.0,27070.4,27165.3,559.0,453.0
5n50_1,2,26976.2,27752.1,439.0,360.0,26979.1,27488.3,497.0,425.0,26962.6,27663.51,536.0,458.0,26974.0,27318.2,358.0,281.0
5n50_2,3,28673.5,29150.1,510.0,409.0,28699.8,29321.4,534.0,435.0,28646.9,29544.59,466.0,370.0,28731.8,29097.2,363.0,261.0
5n50_3,4,30518.0,30826.6,762.0,624.0,30565.0,31218.5,552.0,419.0,30480.5,31708.81,585.0,455.0,30590.4,31119.9,471.0,338.0
5n50_4,5,32372.3,32994.9,552.0,423.0,32413.0,33013.0,482.0,296.0,32274.0,33274.96,454.0,287.0,32413.9,32818.0,599.0,442.0