"CO=LC,H=6",,\rho=50,,,,\rho=75,,,,\rho=100,,,,\rho=300,,,
Instance,K,sHGS,avgHGS,tHGS,BST,sHGS,avgHGS,tHGS,BST,sHGS,avgHGS,tHGS,BST,sHGS,avgHGS,tHGS,BST
1n10_1,2,4064.86,4065.79,5.0,1.0,5142.12,5400.15,16.0,8.0,5366.02,5962.71,29.0,18.0,5598.78,5607.83,25.0,12.0
1n10_2,3,4074.49,4082.95,6.0,1.0,5560.23,5575.92,8.0,1.0,6551.44,6840.99,39.0,27.0,7049.63,7061.13,68.0,46.0
1n10_3,4,4093.9,4093.9,10.0,1.0,5614.4,5614.4,9.0,1.0,6997.33,7050.04,22.0,8.0,8349.04,8359.93,135.0,105.0
1n10_4,5,4124.5,4124.5,10.0,1.0,5660.0,5660.0,13.0,1.0,7098.77,7098.77,18.0,4.0,9763.21,9787.6,120.0,78.0
1n15_1,2,4405.87,4464.66,12.0,1.0,5035.46,5147.75,54.0,38.0,5193.68,5340.65,37.0,19.0,5715.63,5876.76,55.0,35.0
1n15_2,3,4571.12,4584.77,20.0,5.0,5443.25,5649.06,37.0,17.0,5943.26,6145.45,68.0,45.0,6666.8,6755.85,120.0,93.0
1n15_3,4,4729.24,4729.24,25.0,7.0,5901.92,5974.15,68.0,45.0,6572.77,6601.8,82.0,54.0,7527.54,7543.71,89.0,50.0
1n15_4,5,4920.49,4920.49,47.0,21.0,6148.84,6171.54,37.0,9.0,7110.54,7110.54,147.0,131.0,8550.84,8571.08,230.0,174.0
1n20_1,2,6224.09,6666.8,30.0,19.0,6660.47,6679.7,54.0,35.0,6892.91,7626.23,99.0,77.0,7217.85,7258.23,82.0,58.0
1n20_2,3,6979.84,7039.45,49.0,32.0,7890.4,8327.78,104.0,83.0,8160.06,8756.29,90.0,68.0,8566.94,8899.82,116.0,84.0
1n20_3,4,7002.0,7196.85,47.0,28.0,8944.6,8998.25,78.0,56.0,9522.64,9769.69,113.0,88.0,10116.4,10355.3,301.0,255.0
1n20_4,5,7022.63,7022.63,24.0,6.0,9423.21,9423.21,62.0,38.0,10646.1,10646.1,164.0,148.0,11644.6,11752.7,187.0,139.0
1n25_1,2,6197.24,6294.02,86.0,63.0,6595.58,6739.79,108.0,85.0,6746.56,6809.66,104.0,79.0,7159.87,7184.27,100.0,73.0
1n25_2,3,6658.47,6749.11,65.0,37.0,7249.68,7687.91,76.0,50.0,7549.52,7738.64,119.0,89.0,8043.09,8043.09,126.0,88.0
1n25_3,4,7081.3,7216.23,78.0,49.0,7937.67,7963.67,75.0,47.0,8342.47,8348.47,139.0,104.0,8892.68,8955.82,198.0,152.0
1n25_4,5,7418.57,7418.57,70.0,43.0,8501.06,8606.77,146.0,112.0,9002.52,9002.52,167.0,140.0,9849.23,9941.28,136.0,82.0
1n30_1,2,8056.6,8612.75,92.0,64.0,8500.33,8887.93,210.0,175.0,8778.52,9884.25,175.0,141.0,8835.73,8893.94,148.0,109.0
1n30_2,3,9268.29,9476.84,117.0,84.0,9813.07,10523.1,199.0,158.0,10048.0,10385.9,193.0,144.0,10212.1,10460.6,216.0,158.0
1n30_3,4,10096.0,10315.8,188.0,154.0,11085.1,11568.8,235.0,196.0,11538.1,12015.8,328.0,282.0,11808.9,12112.3,266.0,193.0
1n30_4,5,10715.5,10742.2,119.0,79.0,12245.6,12446.5,365.0,322.0,12931.9,13052.9,263.0,216.0,13464.9,13849.8,394.0,311.0
1n35_1,2,8046.07,8281.09,137.0,99.0,8385.6,8919.04,185.0,141.0,8495.49,8573.44,316.0,273.0,8659.2,8752.9,387.0,343.0
1n35_2,3,9041.27,9192.79,264.0,223.0,9503.73,9596.59,306.0,257.0,9546.32,10040.0,534.0,482.0,9752.19,9875.32,204.0,145.0
1n35_3,4,9808.23,10033.3,251.0,211.0,10652.1,11275.6,238.0,193.0,10939.1,11382.4,612.0,532.0,10935.3,11368.5,633.0,564.0
1n35_4,5,10312.1,10379.3,142.0,106.0,11683.4,11922.9,348.0,307.0,12231.8,12293.7,424.0,320.0,12218.5,12263.3,391.0,304.0
1n40_1,2,8912.01,10375.6,285.0,245.0,9547.17,9683.78,272.0,223.0,9576.4,10095.3,245.0,194.0,9623.43,9840.82,147.0,103.0
1n40_2,3,10405.6,11208.6,196.0,156.0,10743.7,10976.0,351.0,283.0,10928.7,11934.8,189.0,127.0,11204.0,11360.1,258.0,188.0
1n40_3,4,11295.4,12038.2,374.0,322.0,12055.8,12969.5,375.0,318.0,12506.6,13654.8,374.0,303.0,12615.8,12895.4,547.0,468.0
1n40_4,5,12279.5,12659.4,319.0,272.0,13276.2,13607.4,498.0,440.0,14020.3,14535.9,399.0,327.0,14339.5,14801.6,563.0,462.0
1n45_1,2,9085.0,10047.8,202.0,157.0,9357.96,9729.67,206.0,163.0,9559.83,9848.46,221.0,172.0,9633.2,9725.05,276.0,215.0
1n45_2,3,10103.2,10309.4,255.0,197.0,10553.6,11166.2,342.0,273.0,10797.1,10848.4,492.0,414.0,10894.6,10953.7,304.0,221.0
1n45_3,4,11225.0,11656.5,456.0,394.0,11874.6,13079.9,349.0,273.0,12151.3,12273.7,458.0,369.0,12302.3,12310.2,447.0,356.0
1n45_4,5,12336.7,12561.2,377.0,326.0,13199.3,13703.8,524.0,454.0,13625.7,13842.2,432.0,331.0,13968.3,14280.0,371.0,251.0
1n50_1,2,10357.1,12078.5,325.0,268.0,10522.3,11338.5,308.0,252.0,10678.8,10738.6,413.0,348.0,10830.3,10857.7,313.0,249.0
1n50_2,3,11809.3,12947.1,503.0,443.0,12221.3,12431.8,645.0,568.0,12352.0,13439.0,591.0,509.0,12569.1,12846.1,435.0,349.0
1n50_3,4,13548.8,14216.0,609.0,549.0,14125.2,15139.9,906.0,824.0,14545.5,15242.0,494.0,397.0,14635.5,14875.5,969.0,844.0
1n50_4,5,15196.1,15196.1,375.0,274.0,16033.3,16790.2,644.0,563.0,16497.8,16520.0,474.0,378.0,16783.8,17012.6,379.0,227.0
2n10_1,2,3599.2,3599.2,4.0,0.0,4841.25,4950.23,9.0,3.0,5440.51,5652.19,16.0,7.0,6237.53,6237.55,23.0,11.0
2n10_2,3,3613.48,3613.48,5.0,0.0,5047.98,5047.98,6.0,0.0,6265.45,6345.76,20.0,10.0,7810.81,7820.95,70.0,49.0
2n10_3,4,3725.68,3725.68,6.0,0.0,5083.1,5083.1,8.0,1.0,6435.6,6435.6,10.0,1.0,9438.55,9509.83,105.0,80.0
2n10_4,5,3782.8,3782.8,6.0,1.0,5198.79,5198.79,8.0,1.0,6589.29,6589.29,10.0,1.0,11078.1,11081.4,88.0,59.0
2n15_1,2,5188.66,5366.46,40.0,27.0,5627.29,6368.37,43.0,28.0,5828.29,5835.1,37.0,20.0,6007.93,6007.93,25.0,7.0
2n15_2,3,5675.09,5799.88,31.0,17.0,6350.27,6417.86,42.0,26.0,6642.12,7118.96,44.0,23.0,6987.65,6997.6,80.0,54.0
2n15_3,4,5835.21,5848.02,13.0,3.0,7040.7,7210.1,49.0,32.0,7426.45,7682.62,74.0,53.0,8009.58,8069.72,140.0,114.0
2n15_4,5,5850.15,5850.15,14.0,3.0,7467.14,7629.24,29.0,10.0,8090.25,8138.27,71.0,46.0,8954.7,8970.61,178.0,137.0
2n20_1,2,5416.32,5468.0,81.0,61.0,5784.1,6252.78,54.0,30.0,5920.43,5933.16,75.0,51.0,6211.06,6256.55,108.0,82.0
2n20_2,3,5817.3,5819.52,66.0,40.0,6205.09,6272.56,116.0,89.0,6358.51,6387.69,153.0,124.0,6751.38,6773.4,145.0,117.0
2n20_3,4,6238.72,6373.91,66.0,35.0,6733.95,6810.09,119.0,89.0,7037.74,7164.4,64.0,27.0,7454.35,7454.35,197.0,171.0
2n20_4,5,6620.64,6620.64,94.0,62.0,7321.3,7353.13,164.0,127.0,7652.48,7689.27,92.0,50.0,8159.93,8181.9,207.0,161.0
2n25_1,2,6983.72,7401.15,89.0,64.0,7395.24,7466.38,85.0,60.0,7630.84,7884.22,149.0,121.0,8116.8,8161.97,84.0,50.0
2n25_2,3,7969.95,8169.77,84.0,56.0,8610.88,8908.26,145.0,113.0,8974.85,9271.83,139.0,105.0,9446.52,9591.48,384.0,340.0
2n25_3,4,8655.07,8661.51,56.0,34.0,9618.04,10057.5,160.0,134.0,10103.4,10213.0,127.0,94.0,10863.1,10987.5,371.0,318.0
2n25_4,5,9007.15,9007.15,73.0,45.0,10555.8,10594.3,109.0,80.0,11357.1,11371.8,188.0,153.0,12439.4,12564.0,338.0,278.0
2n30_1,2,7508.51,7782.71,95.0,66.0,7749.28,7901.13,108.0,78.0,7896.83,7969.96,185.0,148.0,8206.95,8421.71,266.0,229.0
2n30_2,3,8176.65,8871.82,165.0,127.0,8572.94,9298.66,207.0,163.0,8804.16,8960.85,156.0,114.0,9213.7,9349.61,184.0,132.0
2n30_3,4,8953.52,9054.25,112.0,76.0,9580.19,9739.08,303.0,259.0,9861.55,9989.37,296.0,247.0,10439.9,10439.9,410.0,367.0
2n30_4,5,9770.16,9892.64,131.0,98.0,10546.1,10825.9,534.0,488.0,10883.1,11103.8,265.0,210.0,11549.1,11605.1,281.0,213.0
2n35_1,2,8278.34,8565.84,196.0,166.0,8584.63,8738.84,217.0,181.0,8758.69,9019.2,149.0,108.0,8939.03,8997.55,241.0,199.0
2n35_2,3,9064.57,9602.14,138.0,93.0,9371.15,9707.39,219.0,175.0,9642.24,9833.51,219.0,167.0,9791.63,9824.75,407.0,353.0
2n35_3,4,9881.29,10028.8,207.0,166.0,10302.7,10464.6,289.0,240.0,10454.3,10518.7,394.0,336.0,10725.6,10725.6,590.0,537.0
2n35_4,5,10549.3,10597.1,111.0,65.0,11255.0,11657.6,346.0,293.0,11538.2,12216.4,323.0,264.0,11866.3,12031.3,312.0,235.0
2n40_1,2,8240.18,8911.79,128.0,87.0,8701.06,8725.88,151.0,105.0,8957.04,8976.36,133.0,91.0,9387.6,9400.92,177.0,125.0
2n40_2,3,9037.73,9608.23,214.0,167.0,9527.43,11022.4,293.0,247.0,9896.72,10481.7,206.0,150.0,10360.9,10390.9,393.0,334.0
2n40_3,4,10005.4,10450.4,271.0,224.0,10630.3,11511.6,393.0,338.0,11118.3,11486.6,248.0,179.0,11674.4,11711.2,484.0,403.0
2n40_4,5,10932.7,11188.2,180.0,134.0,11795.7,12593.8,433.0,376.0,12476.3,12941.9,494.0,427.0,13093.1,13270.5,448.0,355.0
2n45_1,2,9225.06,10157.1,232.0,188.0,9742.11,10220.3,284.0,236.0,9875.7,10257.7,236.0,183.0,9941.41,10020.2,389.0,340.0
2n45_2,3,10406.2,10982.7,333.0,278.0,11094.5,11287.2,414.0,359.0,11442.6,11541.6,276.0,212.0,11701.2,11916.1,595.0,520.0
2n45_3,4,11511.5,12002.5,303.0,258.0,12505.2,12897.8,553.0,495.0,13004.4,14114.5,524.0,462.0,13721.2,13788.0,428.0,320.0
2n45_4,5,12716.5,12716.5,541.0,502.0,13769.3,13823.8,448.0,383.0,14387.7,14618.4,987.0,921.0,15617.4,15899.1,768.0,647.0
2n50_1,2,10845.9,12172.5,346.0,287.0,11040.4,11078.6,354.0,297.0,11109.5,11174.1,237.0,166.0,11413.4,11469.2,305.0,225.0
2n50_2,3,12540.9,13052.2,529.0,464.0,12962.8,14569.9,575.0,502.0,13247.8,13484.7,402.0,322.0,13326.5,13653.9,311.0,219.0
2n50_3,4,13991.0,14425.2,319.0,271.0,14651.7,15325.5,553.0,485.0,15055.0,15111.6,339.0,245.0,15291.2,15566.4,273.0,150.0
2n50_4,5,15414.0,15626.7,238.0,186.0,16372.9,17295.8,465.0,392.0,17222.5,17653.1,340.0,244.0,17433.4,17674.1,545.0,400.0
3n10_1,2,3612.02,3612.02,8.0,2.0,4067.64,4076.48,8.0,0.0,4408.13,4506.67,19.0,9.0,5104.48,5104.48,16.0,3.0
3n10_2,3,3757.41,3783.91,7.0,1.0,4760.48,4864.63,16.0,6.0,5168.85,5237.2,22.0,9.0,6045.23,6046.7,49.0,29.0
3n10_3,4,3920.39,3920.39,14.0,5.0,5010.36,5039.58,14.0,3.0,5961.26,5961.26,15.0,2.0,7079.66,7093.36,96.0,72.0
3n10_4,5,4032.0,4032.0,9.0,0.0,5364.16,5364.16,14.0,2.0,6282.64,6299.77,24.0,7.0,8067.92,8068.01,79.0,50.0
3n15_1,2,5318.14,5462.29,16.0,6.0,5840.2,5968.11,46.0,31.0,6214.45,6616.57,40.0,23.0,6833.14,6933.44,66.0,47.0
3n15_2,3,5675.7,5688.66,18.0,5.0,6500.6,6757.04,36.0,18.0,6948.35,7266.56,76.0,54.0,7922.85,7932.09,133.0,107.0
3n15_3,4,5892.99,5897.31,54.0,36.0,7007.6,7208.8,52.0,29.0,7621.89,7756.56,74.0,48.0,8947.49,8948.09,171.0,139.0
3n15_4,5,6093.98,6094.07,81.0,52.0,7391.7,7395.23,84.0,53.0,8314.17,8328.06,129.0,92.0,9928.66,9956.25,118.0,77.0
3n20_1,2,5405.16,5720.5,33.0,16.0,5862.93,5992.81,52.0,33.0,6208.93,6214.96,66.0,44.0,7033.51,7058.65,119.0,94.0
3n20_2,3,6053.96,6244.03,40.0,20.0,6610.2,6610.2,143.0,117.0,6990.03,7009.46,111.0,85.0,7971.04,7971.04,107.0,79.0
3n20_3,4,6407.97,6445.29,39.0,18.0,7300.7,7426.94,84.0,59.0,7736.95,7927.28,64.0,29.0,8833.53,8833.74,135.0,99.0
3n20_4,5,6569.58,6569.58,68.0,43.0,8061.09,8061.09,109.0,96.0,8554.4,8639.42,138.0,101.0,9965.78,10014.3,297.0,245.0
3n25_1,2,7513.62,7903.17,86.0,63.0,8060.68,8378.07,176.0,149.0,8355.99,8646.37,116.0,88.0,8509.95,8547.31,149.0,121.0
3n25_2,3,8576.72,8827.5,87.0,58.0,9343.89,9390.37,165.0,132.0,9787.51,10050.6,313.0,281.0,10194.5,10344.6,226.0,185.0
3n25_3,4,9514.72,9683.95,94.0,68.0,10720.0,10907.7,189.0,160.0,11257.3,11257.3,363.0,340.0,11939.7,12159.7,271.0,218.0
3n25_4,5,10254.6,10265.2,115.0,90.0,11979.8,12246.6,215.0,184.0,12783.7,12783.7,302.0,279.0,14000.3,14199.3,320.0,254.0
3n30_1,2,7665.55,7822.45,93.0,61.0,7927.87,7927.87,93.0,68.0,8079.32,8096.18,97.0,67.0,8203.89,8396.38,130.0,100.0
3n30_2,3,8342.23,8475.11,172.0,132.0,8749.05,8977.76,309.0,264.0,8944.58,9061.71,216.0,171.0,9101.53,9154.28,154.0,104.0
3n30_3,4,8993.43,9090.54,275.0,231.0,9536.43,9811.29,185.0,142.0,9792.87,9797.1,228.0,175.0,9979.45,10037.3,311.0,250.0
3n30_4,5,9766.95,9944.97,270.0,225.0,10503.1,10588.6,332.0,277.0,10790.3,10845.2,302.0,243.0,11030.8,11048.3,494.0,418.0
3n35_1,2,9328.69,10055.6,180.0,140.0,9510.28,10743.8,117.0,79.0,9550.67,10256.6,226.0,185.0,9785.3,9814.96,219.0,179.0
3n35_2,3,10519.6,11196.1,208.0,165.0,10934.8,12326.3,333.0,288.0,11237.2,11420.4,171.0,116.0,11293.9,11300.7,403.0,344.0
3n35_3,4,11907.1,12122.0,291.0,252.0,12494.2,13886.7,396.0,352.0,12794.7,12897.5,275.0,220.0,13090.8,13355.4,517.0,435.0
3n35_4,5,13201.3,13564.3,123.0,80.0,13999.5,14320.8,398.0,345.0,14511.3,14746.1,370.0,310.0,14964.2,15103.3,649.0,542.0
3n40_1,2,8508.21,8599.86,213.0,175.0,8899.99,9091.21,210.0,171.0,9040.5,9511.0,275.0,234.0,9227.24,9287.15,186.0,140.0
3n40_2,3,8994.89,9067.58,281.0,233.0,9550.83,9563.87,272.0,221.0,9740.79,10012.8,164.0,102.0,9946.65,9993.75,270.0,204.0
3n40_3,4,9858.94,9990.22,301.0,238.0,10330.1,10400.7,472.0,406.0,10590.8,10590.8,261.0,203.0,10812.6,10882.1,467.0,389.0
3n40_4,5,10605.6,10803.9,460.0,396.0,11156.4,11156.9,668.0,605.0,11468.3,11578.9,451.0,367.0,11784.0,11899.9,542.0,445.0
3n45_1,2,8765.47,9165.51,178.0,135.0,9109.63,9236.01,207.0,163.0,9266.29,9399.8,227.0,181.0,9588.48,9588.48,224.0,174.0
3n45_2,3,9342.33,9604.85,386.0,317.0,9629.98,9684.64,401.0,333.0,9821.15,10008.8,305.0,230.0,10143.8,10240.9,553.0,492.0
3n45_3,4,9965.25,10241.3,347.0,281.0,10327.0,11278.7,553.0,486.0,10562.5,10784.4,376.0,291.0,10858.9,10897.9,386.0,302.0
3n45_4,5,10657.7,10701.3,467.0,391.0,11116.3,11278.6,359.0,276.0,11357.8,11748.2,458.0,366.0,11629.5,11631.0,566.0,467.0
3n50_1,2,10066.6,10281.8,155.0,112.0,10398.5,10440.0,231.0,184.0,10509.3,10845.8,347.0,279.0,10782.0,10942.9,424.0,350.0
3n50_2,3,11069.6,11230.8,242.0,187.0,11514.9,11914.1,521.0,441.0,11713.3,12055.4,272.0,176.0,11949.6,11991.4,339.0,233.0
3n50_3,4,12057.2,12369.3,554.0,481.0,12804.3,13709.4,453.0,372.0,13049.9,13376.5,513.0,415.0,13442.4,13590.4,432.0,293.0
3n50_4,5,13203.2,13565.9,360.0,285.0,14201.1,14696.7,601.0,513.0,14795.0,14866.0,407.0,295.0,14835.7,15117.4,565.0,412.0
4n10_1,2,3145.88,3147.41,5.0,0.0,3907.29,3957.51,10.0,3.0,4436.65,4563.68,15.0,6.0,5731.09,5731.09,19.0,6.0
4n10_2,3,3294.36,3294.6,10.0,3.0,4098.11,4098.11,9.0,0.0,4746.49,4746.79,12.0,1.0,6992.67,6997.47,37.0,19.0
4n10_3,4,3316.02,3316.02,7.0,0.0,4243.3,4243.3,10.0,0.0,4904.56,4904.56,14.0,1.0,8188.08,8198.56,49.0,25.0
4n10_4,5,3367.05,3367.05,9.0,0.0,4395.8,4395.8,13.0,0.0,5098.94,5098.94,22.0,3.0,9213.53,9214.49,99.0,72.0
4n15_1,2,4322.35,4367.68,24.0,13.0,4953.73,5095.58,20.0,8.0,5261.9,5480.45,54.0,36.0,5809.8,5850.78,44.0,25.0
4n15_2,3,4553.32,4625.54,15.0,4.0,5403.35,5560.76,35.0,18.0,6066.74,6096.92,49.0,32.0,6843.19,6902.86,41.0,18.0
4n15_3,4,4703.96,4703.96,43.0,30.0,5855.67,5928.59,35.0,20.0,6567.67,6592.31,36.0,20.0,7991.14,8089.15,70.0,38.0
4n15_4,5,4923.6,4923.6,20.0,6.0,6208.96,6208.99,25.0,5.0,7137.54,7137.54,70.0,58.0,9068.52,9068.52,312.0,292.0
4n20_1,2,6613.99,7058.98,16.0,5.0,7609.77,7627.44,66.0,46.0,7822.68,7988.1,61.0,35.0,8179.05,8482.96,75.0,49.0
4n20_2,3,7072.83,7075.4,38.0,20.0,8498.11,8637.1,58.0,39.0,9306.0,9638.08,160.0,136.0,9919.98,9985.73,151.0,117.0
4n20_3,4,7356.65,7356.65,39.0,22.0,9079.04,9079.84,120.0,101.0,10269.1,10361.4,83.0,59.0,11518.3,11664.7,128.0,86.0
4n20_4,5,7492.89,7492.89,34.0,11.0,9390.17,9392.3,52.0,27.0,10833.7,10836.3,113.0,87.0,13125.6,13164.6,259.0,222.0
4n25_1,2,6241.87,6534.91,76.0,53.0,6839.68,6933.9,70.0,46.0,7245.61,7317.17,103.0,77.0,7738.23,7790.34,74.0,47.0
4n25_2,3,6765.04,6867.65,94.0,64.0,7576.4,7710.89,186.0,152.0,8005.95,8061.58,133.0,97.0,8642.76,8776.61,226.0,185.0
4n25_3,4,7097.79,7238.64,81.0,51.0,8260.68,8397.09,163.0,131.0,8802.4,9096.1,361.0,322.0,9606.13,9649.06,379.0,333.0
4n25_4,5,7417.16,7417.94,75.0,43.0,8812.54,8935.96,87.0,54.0,9514.84,9760.6,207.0,172.0,10580.2,10719.3,301.0,240.0
4n30_1,2,7425.14,7836.36,97.0,69.0,7759.07,8519.58,184.0,152.0,7899.16,8063.7,219.0,178.0,8079.77,8235.92,138.0,100.0
4n30_2,3,8137.99,8284.75,91.0,55.0,8725.04,8848.73,234.0,199.0,8895.65,9605.56,204.0,166.0,9063.39,9119.02,345.0,300.0
4n30_3,4,8623.83,8744.59,75.0,43.0,9637.14,9896.22,225.0,189.0,10070.1,10341.4,130.0,85.0,10224.1,10253.6,215.0,163.0
4n30_4,5,8919.36,9136.78,68.0,40.0,10365.9,10550.7,165.0,123.0,10967.6,10989.4,253.0,207.0,11571.9,11654.8,217.0,151.0
4n35_1,2,7846.05,8719.27,181.0,145.0,8228.64,8871.91,185.0,148.0,8376.3,8632.96,240.0,198.0,8530.61,8561.08,377.0,335.0
4n35_2,3,8862.55,9316.62,231.0,192.0,9449.27,9858.03,300.0,255.0,9687.24,10381.1,243.0,189.0,9992.04,10037.8,219.0,154.0
4n35_3,4,9711.88,10173.1,163.0,124.0,10477.4,11004.8,331.0,288.0,10960.8,11917.6,239.0,187.0,11326.1,11668.0,471.0,401.0
4n35_4,5,10269.6,10269.6,152.0,129.0,11631.9,11975.4,391.0,351.0,12197.5,13045.8,338.0,281.0,12946.0,13127.5,412.0,337.0
4n40_1,2,7713.55,8455.59,197.0,161.0,8335.26,8433.0,123.0,85.0,8667.59,8983.54,175.0,126.0,9086.39,9086.39,408.0,363.0
4n40_2,3,8451.09,8549.22,258.0,211.0,9055.82,9955.2,207.0,155.0,9500.02,9609.75,211.0,156.0,10098.4,10179.7,323.0,255.0
4n40_3,4,9092.35,9383.8,191.0,145.0,9992.12,10134.1,292.0,245.0,10414.7,10502.2,324.0,258.0,11154.0,11404.9,512.0,440.0
4n40_4,5,9600.54,9783.64,194.0,148.0,10763.5,11028.6,346.0,286.0,11444.0,11806.2,321.0,252.0,12254.6,12373.8,533.0,440.0
4n45_1,2,9816.2,10525.3,333.0,286.0,10080.6,11020.9,191.0,135.0,10212.5,10840.6,420.0,360.0,10360.6,10648.6,366.0,303.0
4n45_2,3,10867.0,11384.5,155.0,95.0,11295.6,11637.7,288.0,231.0,11556.7,12193.8,243.0,173.0,11798.7,11808.9,423.0,348.0
4n45_3,4,12211.8,12980.0,366.0,310.0,12855.7,13702.4,506.0,451.0,13063.7,13365.2,486.0,406.0,13422.5,13484.9,466.0,364.0
4n45_4,5,13314.9,13670.1,262.0,209.0,14186.6,14320.2,369.0,303.0,14635.5,14881.4,548.0,472.0,15272.1,15406.8,670.0,549.0
4n50_1,2,10300.8,10379.3,252.0,197.0,10450.1,10646.9,396.0,339.0,10563.3,10771.2,386.0,322.0,10788.5,10904.4,388.0,326.0
4n50_2,3,11968.3,12361.4,466.0,398.0,12511.0,12666.2,329.0,248.0,12680.8,12862.7,364.0,270.0,12756.2,13001.5,569.0,476.0
4n50_3,4,13662.2,13761.1,408.0,343.0,14370.4,14737.4,422.0,342.0,14833.3,14985.9,234.0,126.0,15141.2,15200.7,659.0,534.0
4n50_4,5,14823.5,14823.5,298.0,259.0,16111.8,16964.1,341.0,262.0,16894.9,17169.1,385.0,282.0,17117.4,17808.3,848.0,700.0
5n10_1,2,4304.67,4370.12,16.0,6.0,4661.14,4707.39,23.0,12.0,4839.17,4910.67,19.0,6.0,5055.42,5102.59,20.0,6.0
5n10_2,3,4743.1,4800.15,19.0,7.0,5169.46,5254.75,21.0,7.0,5440.38,5538.05,40.0,21.0,5722.47,5745.55,45.0,26.0
5n10_3,4,5097.26,5159.91,14.0,1.0,5727.79,5727.97,47.0,25.0,6101.36,6129.36,64.0,39.0,6513.92,6538.47,107.0,77.0
5n10_4,5,5241.3,5403.45,16.0,1.0,6146.71,6153.05,47.0,24.0,6564.36,6565.79,73.0,46.0,7131.22,7132.32,88.0,42.0
5n15_1,2,5824.52,6255.53,17.0,5.0,6019.9,6048.21,60.0,44.0,6076.9,6139.02,31.0,15.0,6260.74,6260.74,27.0,9.0
5n15_2,3,6590.14,6601.72,26.0,11.0,7247.38,7454.56,83.0,66.0,7372.0,7424.24,69.0,49.0,7523.85,7554.93,71.0,46.0
5n15_3,4,7013.24,7013.24,20.0,7.0,8324.61,8391.25,62.0,46.0,8532.38,8619.35,98.0,74.0,8857.45,8911.8,217.0,182.0
5n15_4,5,7313.71,7313.71,20.0,6.0,9159.3,9165.27,45.0,24.0,9904.7,9905.2,77.0,52.0,10289.3,10384.5,186.0,142.0
5n20_1,2,7560.47,7958.9,69.0,50.0,8006.86,8027.99,142.0,118.0,8107.46,8248.84,56.0,31.0,8416.34,8442.9,108.0,76.0
5n20_2,3,8888.06,9216.12,118.0,98.0,9760.82,10047.7,94.0,71.0,10126.8,10241.8,65.0,36.0,10264.0,10387.3,238.0,196.0
5n20_3,4,9825.23,9851.11,69.0,51.0,11258.8,11637.9,82.0,60.0,12021.5,12179.9,99.0,68.0,12328.6,12476.9,275.0,223.0
5n20_4,5,10237.8,10237.8,47.0,25.0,12429.1,12497.7,129.0,102.0,13530.0,13635.1,131.0,100.0,14343.9,14695.3,593.0,527.0
5n25_1,2,7650.44,8312.06,100.0,77.0,8052.34,8703.67,172.0,146.0,8220.93,8691.02,63.0,37.0,8344.05,8380.76,103.0,75.0
5n25_2,3,9031.76,9197.78,91.0,66.0,9613.25,10613.3,247.0,214.0,10011.6,10310.4,185.0,145.0,10054.2,10054.2,141.0,99.0
5n25_3,4,10216.9,10216.9,140.0,123.0,11303.6,11453.2,125.0,92.0,11730.7,12742.3,153.0,112.0,12139.7,12168.8,208.0,143.0
5n25_4,5,10831.7,10831.7,61.0,33.0,12610.7,12715.2,264.0,232.0,13621.5,13621.5,230.0,163.0,14093.7,14169.1,336.0,257.0
5n30_1,2,7151.94,7804.71,102.0,67.0,7569.0,8766.65,186.0,146.0,7734.35,8393.52,154.0,112.0,7834.08,7875.66,275.0,231.0
5n30_2,3,7904.8,7958.22,174.0,133.0,8587.32,8836.76,286.0,236.0,8861.86,9055.9,388.0,323.0,8943.22,9090.25,177.0,116.0
5n30_3,4,8609.67,8747.79,288.0,245.0,9502.19,9725.47,309.0,258.0,9834.91,10116.6,405.0,339.0,10041.3,10203.3,248.0,171.0
5n30_4,5,8982.73,8982.73,108.0,61.0,10319.2,10365.6,165.0,113.0,10870.1,11140.4,643.0,585.0,11269.4,11409.5,352.0,258.0
5n35_1,2,7778.68,7960.54,118.0,84.0,8403.62,9214.31,160.0,123.0,8636.8,8676.53,141.0,105.0,8941.07,8995.22,150.0,114.0
5n35_2,3,8592.8,8774.05,231.0,185.0,9254.57,10119.1,283.0,238.0,9639.25,9843.01,312.0,260.0,9987.16,10048.0,321.0,260.0
5n35_3,4,9432.33,9761.72,177.0,134.0,10302.6,10814.5,453.0,400.0,10912.2,11229.8,163.0,99.0,11266.0,11564.3,389.0,304.0
5n35_4,5,10109.0,10331.7,226.0,180.0,11267.8,11575.2,440.0,388.0,11816.8,11931.7,307.0,241.0,12485.7,12569.9,495.0,399.0
5n40_1,2,8648.73,9480.23,236.0,192.0,8928.4,9183.43,329.0,284.0,8986.78,9030.88,204.0,144.0,9056.31,9211.75,291.0,233.0
5n40_2,3,9754.76,9955.84,235.0,175.0,9970.7,10166.4,212.0,153.0,10142.3,10419.9,365.0,298.0,10146.5,10473.3,418.0,347.0
5n40_3,4,10653.9,11029.3,406.0,352.0,11131.2,11974.6,553.0,487.0,11319.0,11462.7,510.0,412.0,11322.0,11525.5,370.0,276.0
5n40_4,5,11595.3,11874.3,337.0,279.0,12360.4,12876.3,402.0,339.0,12634.8,12955.2,526.0,440.0,12761.4,12875.4,472.0,360.0
5n45_1,2,8465.3,8712.69,222.0,179.0,8626.44,8866.28,252.0,203.0,8727.94,9255.85,201.0,150.0,9196.43,9300.44,203.0,147.0
5n45_2,3,9119.24,9247.21,282.0,220.0,9310.76,9535.67,423.0,355.0,9471.2,9725.2,339.0,266.0,9789.79,9807.27,229.0,166.0
5n45_3,4,9910.04,10034.9,481.0,415.0,10106.6,10647.3,320.0,238.0,10230.6,10546.0,863.0,783.0,10524.4,10618.9,458.0,363.0
5n45_4,5,10595.7,11003.0,294.0,212.0,10874.4,11006.9,518.0,437.0,11013.4,11048.7,685.0,590.0,11284.2,11284.2,944.0,855.0
5n50_1,2,10166.5,11357.7,168.0,110.0,10318.7,10477.0,252.0,189.0,10412.0,11091.1,390.0,312.0,10532.2,10785.0,349.0,276.0
5n50_2,3,11540.0,13231.4,469.0,396.0,11994.3,12643.8,364.0,285.0,12066.0,12634.9,363.0,273.0,12254.9,12568.1,462.0,366.0
5n50_3,4,12916.3,12969.6,447.0,377.0,13603.6,14624.6,466.0,374.0,13897.7,15821.0,674.0,573.0,14094.3,14576.8,566.0,445.0
5n50_4,5,14242.7,14334.4,321.0,247.0,15225.6,16747.7,745.0,652.0,15840.5,15986.8,333.0,228.0,15958.1,16190.1,906.0,756.0